goals_+_assists,penalty_attempts,xg,npxg,progressive_receives,non_penalty_goals_per_90,non_penalty_goals_+_assists_per_90,goals
47,9,25.2,18.2,488,0.53,1.01,29
4,0,2.2,2.2,6,0.08,0.11,3
4,0,1.1,1.1,55,0.0,0.11,0
10,0,2.8,2.8,80,0.17,0.35,5
3,0,1.7,1.7,3,0.04,0.11,1
12,0,7.3,7.3,127,0.22,0.43,6
1,0,1.2,1.2,108,0.0,0.04,0
0,0,0.0,0.0,0,0.0,0.0,0
18,0,12.0,12.0,293,0.49,0.68,13
9,0,1.9,1.9,94,0.11,0.34,3
14,0,7.1,7.1,278,0.47,0.65,10
6,0,4.3,4.3,79,0.16,0.32,3
9,0,7.9,7.9,88,0.45,0.68,6
0,0,0.0,0.0,0,0.0,0.0,0
1,0,0.4,0.4,43,0.0,0.11,0
7,0,5.8,5.8,78,0.4,0.56,5
2,0,0.7,0.7,39,0.0,0.24,0
0,0,0.3,0.3,2,0.0,0.0,0
0,0,0.1,0.1,4,0.0,0.0,0
3,0,1.8,1.8,30,0.24,0.73,1
0,0,0.0,0.0,8,0.0,0.0,0
0,0,0.3,0.3,7,0.0,0.0,0
0,0,0.0,0.0,0,0.0,0.0,0
0,0,0.0,0.0,0,0.0,0.0,0
47,9,25.2,18.2,488,0.53,1.01,29
4,0,2.2,2.2,6,0.08,0.11,3
4,0,1.1,1.1,55,0.0,0.11,0
10,0,2.8,2.8,80,0.17,0.35,5
3,0,1.7,1.7,3,0.04,0.11,1
12,0,7.3,7.3,127,0.22,0.43,6
1,0,1.2,1.2,108,0.0,0.04,0
0,0,0.0,0.0,0,0.0,0.0,0
18,0,12.0,12.0,293,0.49,0.68,13
9,0,1.9,1.9,94,0.11,0.34,3
14,0,7.1,7.1,278,0.47,0.65,10
6,0,4.3,4.3,79,0.16,0.32,3
9,0,7.9,7.9,88,0.45,0.68,6
0,0,0.0,0.0,0,0.0,0.0,0
1,0,0.4,0.4,43,0.0,0.11,0
7,0,5.8,5.8,78,0.4,0.56,5
2,0,0.7,0.7,39,0.0,0.24,0
0,0,0.3,0.3,2,0.0,0.0,0
0,0,0.1,0.1,4,0.0,0.0,0
3,0,1.8,1.8,30,0.24,0.73,1
0,0,0.0,0.0,8,0.0,0.0,0
0,0,0.3,0.3,7,0.0,0.0,0
0,0,0.0,0.0,0,0.0,0.0,0
0,0,0.0,0.0,0,0.0,0.0,0
0,0,0.0,0.0,0,0.0,0.0,0
2,0,2.3,2.3,6,0.06,0.06,2
11,0,3.5,3.5,94,0.13,0.35,4
6,0,2.3,2.3,48,0.13,0.19,4
15,0,7.2,7.2,226,0.28,0.53,8
4,0,2.6,2.6,11,0.11,0.15,3
4,0,1.2,1.2,104,0.04,0.15,1
11,1,4.8,4.0,154,0.08,0.39,3
9,0,5.9,5.9,94,0.4,0.51,7
1,0,0.2,0.2,37,0.07,0.07,1
2,0,0.5,0.5,42,0.0,0.15,0
3,0,0.9,0.9,29,0.18,0.27,2
1,0,0.2,0.2,1,0.08,0.08,1
0,0,0.1,0.1,6,0.0,0.0,0
3,0,3.0,3.0,57,0.44,0.44,3
0,0,0.1,0.1,0,0.0,0.0,0
0,0,0.2,0.2,0,0.0,0.0,0
0,0,0.0,0.0,0,0.0,0.0,0
11,0,4.3,4.3,96,0.14,0.3,5
2,0,2.0,2.0,14,0.03,0.05,1
29,4,20.3,17.2,217,0.62,0.82,23
4,0,3.7,3.7,22,0.12,0.12,4
1,0,0.3,0.3,119,0.0,0.03,0
20,0,5.7,5.7,231,0.31,0.76,8
7,0,3.9,3.9,110,0.15,0.26,4
6,0,4.4,4.4,53,0.14,0.21,4
0,0,0.0,0.0,0,0.0,0.0,0
4,0,0.4,0.4,80,0.0,0.16,0
13,0,7.2,7.2,192,0.46,0.67,9
3,0,0.1,0.1,58,0.0,0.21,0
2,0,1.6,1.6,86,0.0,0.17,0
0,0,0.0,0.0,0,0.0,0.0,0
0,0,0.6,0.6,22,0.0,0.0,0
0,0,0.5,0.5,0,0.0,0.0,0
1,0,0.4,0.4,5,0.0,0.3,0
0,0,0.4,0.4,17,0.0,0.0,0
0,0,0.0,0.0,3,0.0,0.0,0
1,0,0.5,0.5,8,0.29,0.29,1
0,0,0.5,0.5,18,0.0,0.0,0
1,0,0.2,0.2,17,0.67,0.67,1
0,0,0.0,0.0,1,0.0,0.0,0
0,0,0.0,0.0,0,0.0,0.0,0
3,0,2.6,2.6,43,0.06,0.09,2
7,0,1.9,1.9,154,0.07,0.23,2
2,0,0.4,0.4,53,0.04,0.07,1
12,4,9.9,6.8,133,0.2,0.32,9
5,0,3.6,3.6,218,0.19,0.19,5
0,0,0.6,0.6,3,0.0,0.0,0
0,0,0.1,0.1,64,0.0,0.0,0
2,0,3.3,3.3,56,0.05,0.1,1
0,0,2.4,2.4,1,0.0,0.0,0
5,0,3.5,3.5,86,0.18,0.29,3
0,0,0.4,0.4,4,0.0,0.0,0
4,0,1.6,1.6,152,0.07,0.29,1
3,0,1.4,1.4,47,0.07,0.22,1
0,0,0.2,0.2,28,0.0,0.0,0
0,0,0.6,0.6,28,0.0,0.0,0
3,0,5.2,5.2,50,0.29,0.29,3
0,0,0.1,0.1,0,0.0,0.0,0
1,0,0.0,0.0,20,0.0,0.13,0
2,0,0.9,0.9,41,0.11,0.21,1
1,0,0.6,0.6,0,0.0,0.1,0
0,0,0.2,0.2,18,0.0,0.0,0
0,0,0.0,0.0,0,0.0,0.0,0
1,0,0.2,0.2,4,1.23,1.23,1
0,0,0.0,0.0,0,0.0,0.0,0
0,0,0.0,0.0,0,0.0,0.0,0
0,0,0.0,0.0,0,0.0,0.0,0
0,0,0.0,0.0,0,0.0,0.0,0
0,0,0.0,0.0,0,0.0,0.0,0
1,0,0.0,0.0,0,0.0,0.03,0
4,0,3.1,3.1,29,0.1,0.14,3
2,0,1.2,1.2,112,0.04,0.07,1
14,1,9.6,8.8,95,0.38,0.55,10
0,0,0.8,0.8,3,0.0,0.0,0
3,0,2.4,2.4,61,0.09,0.14,2
7,0,2.7,2.7,54,0.24,0.34,5
0,0,0.5,0.5,34,0.0,0.0,0
8,0,4.6,4.6,79,0.27,0.43,5
4,1,2.8,2.0,52,0.1,0.29,2
0,0,0.2,0.2,2,0.0,0.0,0
0,0,0.0,0.0,1,0.0,0.0,0
4,0,0.4,0.4,45,0.21,0.42,2
5,0,1.2,1.2,57,0.13,0.66,1
1,0,0.9,0.9,23,0.17,0.17,1
0,0,0.2,0.2,10,0.0,0.0,0
0,0,1.0,1.0,17,0.0,0.0,0
1,0,0.5,0.5,9,0.37,0.37,1
0,0,0.0,0.0,0,0.0,0.0,0
0,0,0.1,0.1,2,0.0,0.0,0
0,0,0.0,0.0,1,0.0,0.0,0
0,0,0.0,0.0,0,0.0,0.0,0
0,0,0.0,0.0,2,0.0,0.0,0
0,0,0.0,0.0,3,0.0,0.0,0
7,0,0.6,0.5,197,0.05,0.19,2
16,0,10.0,10.0,282,0.31,0.45,11
1,0,1.3,1.3,4,0.0,0.03,0
4,0,0.9,0.9,52,0.03,0.12,1
0,0,0.1,0.1,0,0.0,0.0,0
18,6,10.3,5.6,173,0.23,0.46,12
11,1,12.5,11.7,99,0.39,0.43,10
5,0,1.8,1.8,44,0.09,0.21,2
5,0,1.9,1.9,10,0.11,0.19,3
11,0,8.4,8.4,191,0.31,0.49,7
3,0,1.6,1.6,10,0.0,0.14,0
0,0,0.7,0.7,34,0.0,0.0,0
0,0,0.8,0.8,7,0.0,0.0,0
0,0,0.7,0.7,33,0.0,0.0,0
0,0,0.0,0.0,22,0.0,0.0,0
1,0,0.3,0.3,8,0.0,0.2,0
0,0,0.0,0.0,0,0.0,0.0,0
0,0,0.0,0.0,0,0.0,0.0,0
0,0,0.6,0.6,13,0.0,0.0,0
0,0,0.0,0.0,3,0.0,0.0,0
1,0,1.0,1.0,16,0.76,0.76,1
0,0,0.0,0.0,2,0.0,0.0,0
0,0,0.0,0.0,0,0.0,0.0,0
0,0,0.0,0.0,0,0.0,0.0,0
5,0,2.5,2.5,18,0.05,0.13,2
27,6,12.3,7.5,351,0.4,0.58,20
2,0,0.0,0.0,0,0.0,0.05,0
23,0,18.5,18.5,154,0.59,0.71,19
12,0,2.8,2.8,137,0.06,0.37,2
9,0,4.3,4.3,42,0.16,0.29,5
4,0,0.8,0.8,38,0.04,0.16,1
13,0,8.2,8.2,165,0.43,0.51,11
2,0,1.1,1.1,9,0.09,0.09,2
0,0,1.0,1.0,44,0.0,0.0,0
0,0,0.6,0.6,47,0.0,0.0,0
2,0,0.2,0.2,54,0.0,0.16,0
2,0,0.2,0.2,27,0.0,0.21,0
1,0,0.2,0.2,24,0.0,0.17,0
0,0,0.0,0.0,2,0.0,0.0,0
0,0,0.0,0.0,0,0.0,0.0,0
0,0,0.1,0.1,4,0.0,0.0,0
0,0,0.0,0.0,5,0.0,0.0,0
0,0,0.0,0.0,0,0.0,0.0,0
0,0,0.0,0.0,0,0.0,0.0,0
0,0,0.0,0.0,0,0.0,0.0,0
0,0,0.0,0.0,1,0.0,0.0,0
1,0,0.0,0.0,0,0.0,0.03,0
10,0,0.7,0.7,274,0.0,0.28,0
1,0,1.0,1.0,15,0.03,0.03,1
15,3,12.0,9.6,125,0.32,0.43,12
0,0,1.0,1.0,2,0.0,0.0,0
2,0,1.2,1.2,33,0.0,0.08,0
0,0,0.4,0.4,9,0.0,0.0,0
9,0,4.5,4.5,127,0.26,0.4,6
6,1,3.8,3.0,81,0.09,0.27,2
2,0,1.4,1.4,54,0.0,0.1,0
1,0,0.4,0.4,67,0.0,0.05,0
0,0,0.5,0.5,3,0.0,0.0,0
9,0,5.8,5.8,31,0.75,0.84,8
2,0,1.1,1.1,63,0.18,0.37,1
0,0,0.0,0.0,0,0.0,0.0,0
2,0,0.8,0.8,33,0.29,0.29,2
0,0,0.3,0.3,16,0.0,0.0,0
0,0,0.2,0.2,7,0.0,0.0,0
0,0,0.0,0.0,3,0.0,0.0,0
0,0,0.0,0.0,0,0.0,0.0,0
0,0,0.0,0.0,0,0.0,0.0,0
9,0,4.9,4.9,208,0.11,0.25,4
5,0,1.3,1.3,171,0.0,0.15,0
2,0,3.4,3.4,7,0.03,0.06,1
5,0,2.0,2.0,10,0.09,0.15,3
16,2,13.6,12.0,122,0.41,0.48,14
16,2,10.4,8.9,153,0.24,0.52,8
14,0,10.8,10.8,183,0.27,0.46,8
1,0,1.1,1.1,26,0.0,0.04,0
3,0,1.1,1.1,27,0.0,0.13,0
1,0,1.3,1.3,2,0.05,0.05,1
2,0,0.4,0.4,11,0.0,0.14,0
0,0,1.1,1.1,56,0.0,0.0,0
3,0,1.2,1.2,6,0.25,0.25,3
2,0,0.8,0.8,13,0.18,0.36,1
0,0,0.4,0.4,7,0.0,0.0,0
1,0,0.2,0.2,15,0.35,0.35,1
2,0,0.3,0.3,14,0.65,1.3,1
0,0,0.4,0.4,7,0.0,0.0,0
0,0,0.0,0.0,1,0.0,0.0,0
0,0,0.0,0.0,0,0.0,0.0,0
0,0,0.0,0.0,1,0.0,0.0,0
0,0,0.2,0.2,9,0.0,0.0,0
1,0,0.3,0.3,4,1.64,1.64,1
0,0,0.0,0.0,0,0.0,0.0,0
0,0,0.0,0.0,1,0.0,0.0,0
1,0,1.6,1.6,6,0.0,0.03,0
7,0,1.2,1.2,167,0.06,0.2,2
10,0,6.7,6.7,68,0.32,0.35,9
4,2,5.3,3.7,85,0.08,0.08,4
3,0,2.0,2.0,83,0.09,0.13,2
0,0,0.0,0.0,0,0.0,0.0,0
0,0,1.5,1.5,2,0.0,0.0,0
0,0,0.4,0.4,5,0.0,0.0,0
1,0,0.4,0.4,18,0.0,0.05,0
1,0,0.2,0.2,7,0.0,0.08,0
2,0,1.8,1.8,37,0.06,0.13,1
0,0,0.0,0.0,0,0.0,0.0,0
2,0,1.6,1.6,9,0.09,0.17,1
0,0,0.3,0.3,33,0.0,0.0,0
2,0,2.2,2.2,59,0.11,0.22,1
0,0,0.2,0.2,4,0.0,0.0,0
5,0,2.2,2.2,31,0.34,0.57,3
0,0,0.1,0.1,4,0.0,0.0,0
0,0,0.6,0.6,7,0.0,0.0,0
0,0,0.4,0.4,16,0.0,0.0,0
0,0,0.0,0.0,1,0.0,0.0,0
0,0,0.0,0.0,0,0.0,0.0,0
18,3,9.9,7.6,129,0.15,0.45,8
0,0,0.0,0.0,0,0.0,0.0,0
1,0,0.7,0.7,58,0.0,0.03,0
3,0,2.0,2.0,168,0.0,0.1,0
2,0,2.5,2.5,6,0.08,0.08,2
8,0,7.3,7.3,290,0.25,0.33,6
4,0,5.3,5.3,101,0.18,0.18,4
3,0,1.0,1.0,20,0.05,0.15,1
14,0,4.7,4.7,200,0.38,0.66,8
3,0,1.3,1.3,7,0.1,0.15,2
1,0,1.8,1.8,7,0.05,0.05,1
0,0,0.7,0.7,47,0.0,0.0,0
1,0,1.9,1.9,28,0.06,0.06,1
0,0,0.7,0.7,4,0.0,0.0,0
3,1,1.4,0.6,29,0.0,0.17,1
0,0,0.4,0.4,83,0.0,0.0,0
1,0,3.2,3.2,41,0.14,0.14,1
0,0,0.0,0.0,4,0.0,0.0,0
0,0,0.0,0.0,0,0.0,0.0,0
0,0,0.0,0.0,7,0.0,0.0,0
0,0,0.1,0.1,23,0.0,0.0,0
0,0,0.1,0.1,3,0.0,0.0,0
0,0,0.1,0.1,1,0.0,0.0,0
0,0,0.0,0.0,0,0.0,0.0,0
0,0,0.0,0.0,6,0.0,0.0,0
0,0,0.7,0.7,12,0.0,0.0,0
0,0,0.2,0.2,2,0.0,0.0,0
0,0,0.1,0.1,2,0.0,0.0,0
8,0,1.6,1.6,109,0.07,0.28,2
11,0,4.2,4.2,210,0.26,0.41,7
12,1,10.9,10.1,88,0.33,0.45,9
14,0,10.4,10.4,197,0.45,0.58,11
0,0,0.0,0.0,0,0.0,0.0,0
16,2,7.2,5.6,265,0.26,0.64,7
1,0,0.3,0.3,94,0.0,0.05,0
5,0,3.7,3.7,53,0.14,0.24,3
16,0,5.8,5.8,95,0.45,0.8,9
2,0,1.3,1.3,34,0.11,0.11,2
3,0,0.6,0.6,70,0.05,0.15,1
1,0,1.6,1.6,3,0.06,0.06,1
2,0,0.6,0.6,3,0.13,0.13,2
0,0,0.3,0.3,6,0.0,0.0,0
0,0,0.1,0.1,2,0.0,0.0,0
1,0,0.7,0.7,31,0.0,0.07,0
3,1,3.0,2.2,72,0.1,0.2,2
0,0,0.4,0.4,1,0.0,0.0,0
0,0,0.0,0.0,0,0.0,0.0,0
0,0,0.0,0.0,0,0.0,0.0,0
5,0,3.7,3.7,22,0.71,0.89,4
1,0,0.2,0.2,40,0.0,0.25,0
0,0,0.1,0.1,12,0.0,0.0,0
0,0,0.0,0.0,0,0.0,0.0,0
0,0,0.0,0.0,0,0.0,0.0,0
13,2,11.2,9.6,120,0.26,0.38,9
4,0,1.5,1.5,96,0.06,0.12,2
1,0,1.5,1.5,1,0.03,0.03,1
1,0,0.3,0.3,78,0.0,0.04,0
5,0,2.0,2.0,75,0.0,0.19,0
0,0,0.0,0.0,0,0.0,0.0,0
5,0,1.3,1.3,89,0.08,0.21,2
0,0,0.3,0.3,23,0.0,0.0,0
1,0,0.4,0.4,0,0.05,0.05,1
2,0,0.2,0.2,11,0.0,0.12,0
5,0,1.8,1.8,138,0.22,0.28,4
0,0,0.1,0.1,2,0.0,0.0,0
0,0,0.4,0.4,16,0.0,0.0,0
1,0,0.6,0.6,2,0.08,0.08,1
0,0,0.4,0.4,19,0.0,0.0,0
0,0,0.0,0.0,0,0.0,0.0,0
2,0,1.0,1.0,71,0.11,0.21,1
3,0,0.8,0.8,48,0.12,0.36,1
2,0,0.4,0.4,60,0.0,0.31,0
0,0,0.1,0.1,5,0.0,0.0,0
0,0,0.0,0.0,0,0.0,0.0,0
0,0,0.0,0.0,6,0.0,0.0,0
0,0,0.0,0.0,2,0.0,0.0,0
0,0,0.0,0.0,2,0.0,0.0,0
0,0,0.0,0.0,1,0.0,0.0,0
0,0,0.0,0.0,0,0.0,0.0,0
2,0,1.3,1.3,8,0.0,0.06,0
3,0,1.0,1.0,137,0.03,0.1,1
14,2,9.3,7.8,110,0.35,0.42,12
2,0,0.4,0.4,13,0.03,0.07,1
5,0,2.9,2.9,159,0.1,0.17,3
1,0,1.3,1.3,11,0.04,0.04,1
2,0,0.7,0.7,20,0.05,0.09,1
1,0,0.2,0.2,15,0.0,0.05,0
0,0,0.0,0.0,0,0.0,0.0,0
2,0,1.1,1.1,4,0.0,0.12,0
0,0,0.4,0.4,4,0.0,0.0,0
0,0,0.0,0.0,0,0.0,0.0,0
0,0,0.0,0.0,0,0.0,0.0,0
5,0,1.7,1.7,44,0.21,0.52,2
2,0,1.5,1.5,23,0.11,0.21,1
2,0,1.7,1.7,33,0.26,0.26,2
0,0,0.0,0.0,0,0.0,0.0,0
4,0,2.1,2.1,31,0.41,0.54,3
1,0,0.7,0.7,23,0.1,0.1,1
0,0,0.1,0.1,2,0.0,0.0,0
1,0,0.0,0.0,13,0.0,0.27,0
0,0,0.0,0.0,15,0.0,0.0,0
0,0,0.0,0.0,1,0.0,0.0,0
0,0,0.0,0.0,1,0.0,0.0,0
0,0,0.4,0.4,14,0.0,0.0,0
0,0,0.0,0.0,1,0.0,0.0,0
0,0,0.0,0.0,0,0.0,0.0,0
6,0,4.0,4.0,108,0.06,0.19,2
2,0,0.8,0.8,144,0.0,0.06,0
1,0,1.8,1.8,9,0.03,0.03,1
0,0,0.0,0.0,0,0.0,0.0,0
2,0,0.7,0.7,2,0.07,0.07,2
1,0,0.6,0.6,29,0.04,0.04,1
3,0,2.7,2.7,65,0.13,0.13,3
2,0,0.9,0.9,20,0.05,0.11,1
1,0,0.6,0.6,2,0.06,0.06,1
2,1,5.7,4.9,66,0.12,0.12,2
1,0,0.1,0.1,43,0.0,0.08,0
5,0,3.6,3.6,40,0.34,0.43,4
0,0,0.2,0.2,0,0.0,0.0,0
1,0,0.6,0.6,25,0.13,0.13,1
0,0,0.0,0.0,19,0.0,0.0,0
0,0,0.0,0.0,0,0.0,0.0,0
2,0,0.2,0.2,10,0.0,0.5,0
0,0,0.9,0.9,42,0.0,0.0,0
1,0,1.1,1.1,10,0.23,0.23,1
0,0,0.0,0.0,7,0.0,0.0,0
0,0,0.0,0.0,0,0.0,0.0,0
0,0,0.3,0.3,0,0.0,0.0,0
0,0,0.0,0.0,10,0.0,0.0,0
0,0,0.2,0.2,5,0.0,0.0,0
0,0,0.0,0.0,0,0.0,0.0,0
0,0,0.0,0.0,0,0.0,0.0,0
9,0,2.2,2.2,136,0.13,0.28,4
29,4,27.1,24.0,164,0.81,0.88,27
22,0,9.8,9.8,433,0.28,0.69,9
3,0,0.8,0.8,6,0.0,0.1,0
5,0,1.8,1.8,190,0.07,0.17,2
4,0,0.5,0.5,11,0.0,0.14,0
4,0,0.5,0.5,246,0.0,0.16,0
4,0,1.1,1.1,24,0.06,0.22,1
0,0,0.0,0.0,0,0.0,0.0,0
0,0,0.0,0.0,0,0.0,0.0,0
2,0,0.9,0.9,42,0.08,0.17,1
13,2,6.5,4.9,97,0.59,0.82,10
11,0,5.6,5.6,108,0.43,0.79,6
4,0,0.5,0.5,122,0.09,0.35,1
2,0,1.0,1.0,3,0.12,0.24,1
4,0,0.7,0.7,24,0.16,0.31,2
0,0,0.0,0.0,0,0.0,0.0,0
0,0,0.2,0.2,33,0.0,0.0,0
4,0,0.4,0.4,20,0.87,1.16,3
0,0,0.1,0.1,2,0.0,0.0,0
0,0,1.0,1.0,32,0.0,0.0,0
3,0,3.0,3.0,28,0.56,0.85,2
0,0,0.0,0.0,1,0.0,0.0,0
0,0,0.0,0.0,1,0.0,0.0,0
0,0,0.0,0.0,9,0.0,0.0,0
14,0,7.6,7.6,302,0.2,0.48,6
4,0,1.9,1.9,6,0.14,0.14,4
3,0,1.1,1.1,31,0.08,0.12,2
2,0,0.6,0.6,66,0.0,0.09,0
10,0,4.2,4.2,254,0.23,0.45,5
0,0,0.0,0.0,0,0.0,0.0,0
9,0,6.7,6.6,64,0.34,0.44,7
3,0,2.3,2.3,2,0.15,0.15,3
1,0,1.0,1.0,32,0.05,0.05,1
1,0,0.5,0.5,0,0.05,0.05,1
16,3,9.7,7.3,115,0.67,0.72,15
4,0,1.0,1.0,78,0.0,0.23,0
2,0,0.3,0.3,59,0.0,0.12,0
4,0,1.9,1.9,49,0.07,0.28,1
0,0,0.0,0.0,0,0.0,0.0,0
0,1,1.2,0.4,22,0.0,0.0,0
0,0,0.2,0.2,21,0.0,0.0,0
2,0,3.5,3.5,67,0.12,0.24,1
1,0,0.8,0.8,60,0.14,0.14,1
0,0,0.2,0.2,0,0.0,0.0,0
0,0,0.0,0.0,0,0.0,0.0,0
0,1,1.7,0.9,5,0.0,0.0,0
0,0,0.2,0.2,11,0.0,0.0,0
0,0,0.2,0.2,18,0.0,0.0,0
0,0,0.0,0.0,3,0.0,0.0,0
0,0,0.0,0.0,2,0.0,0.0,0
0,0,0.0,0.0,0,0.0,0.0,0
8,0,2.4,2.4,198,0.03,0.24,1
16,1,7.1,6.3,154,0.24,0.55,7
6,0,4.6,4.6,58,0.14,0.21,4
3,0,0.7,0.7,10,0.07,0.1,2
1,0,0.4,0.4,44,0.0,0.04,0
6,2,2.5,0.8,26,0.08,0.2,3
4,0,3.4,3.4,69,0.16,0.16,4
15,1,12.5,11.7,124,0.39,0.54,11
11,0,3.9,3.9,213,0.19,0.51,4
21,0,12.7,12.7,124,0.87,0.96,19
1,0,0.0,0.0,0,0.0,0.05,0
1,0,2.4,2.4,11,0.06,0.06,1
0,0,0.1,0.1,0,0.0,0.0,0
0,0,0.3,0.3,0,0.0,0.0,0
0,0,0.0,0.0,7,0.0,0.0,0
0,0,0.3,0.3,0,0.0,0.0,0
2,0,0.9,0.9,24,0.15,0.3,1
1,0,0.6,0.6,64,0.15,0.15,1
5,3,4.2,1.8,60,0.0,0.25,3
3,0,0.9,0.9,45,0.22,0.65,1
2,0,0.8,0.8,17,0.9,0.9,2
0,0,0.1,0.1,3,0.0,0.0,0
1,0,0.5,0.5,33,0.55,0.55,1
1,0,0.4,0.4,0,2.43,2.43,1
0,0,0.0,0.0,0,0.0,0.0,0
0,0,0.0,0.0,1,0.0,0.0,0
0,0,0.0,0.0,0,0.0,0.0,0
2,0,1.5,1.5,3,0.07,0.07,2
4,0,2.0,2.0,28,0.13,0.17,3
2,0,0.3,0.3,6,0.04,0.08,1
3,0,1.2,1.2,1,0.09,0.13,2
4,0,0.6,0.6,106,0.09,0.18,2
1,0,1.7,1.6,30,0.0,0.05,0
2,0,1.8,1.8,85,0.1,0.1,2
1,0,0.2,0.2,63,0.0,0.06,0
0,0,0.0,0.0,0,0.0,0.0,0
17,6,8.6,3.9,112,0.23,0.7,9
11,3,4.8,2.4,66,0.37,0.56,8
7,0,2.9,2.9,157,0.33,0.46,5
0,0,0.0,0.0,0,0.0,0.0,0
1,0,0.2,0.2,32,0.0,0.07,0
2,0,2.3,2.3,99,0.16,0.16,2
4,0,6.1,6.1,57,0.29,0.29,4
6,0,3.8,3.8,82,0.4,0.47,5
4,0,1.1,1.1,13,0.2,0.4,2
4,0,3.2,3.2,43,0.25,0.51,2
2,0,1.5,1.5,48,0.27,0.27,2
2,0,0.2,0.2,22,0.0,0.31,0
0,0,0.2,0.2,10,0.0,0.0,0
0,0,0.0,0.0,0,0.0,0.0,0
1,0,0.0,0.0,20,0.0,0.25,0
0,0,0.5,0.5,16,0.0,0.0,0
3,0,0.8,0.8,27,0.32,0.97,1
1,0,0.7,0.7,18,0.0,0.5,0
0,0,0.0,0.0,2,0.0,0.0,0
0,0,0.0,0.0,2,0.0,0.0,0
0,0,0.2,0.2,11,0.0,0.0,0
0,0,0.0,0.0,0,0.0,0.0,0
0,0,0.0,0.0,4,0.0,0.0,0
0,0,0.0,0.0,0,0.0,0.0,0
10,0,1.5,1.5,194,0.13,0.33,4
3,3,4.0,1.6,49,0.0,0.0,3
3,0,1.0,1.0,29,0.07,0.11,2
5,0,2.3,2.3,51,0.11,0.18,3
1,0,0.5,0.5,1,0.04,0.04,1
14,0,9.3,9.3,108,0.51,0.65,11
2,0,1.7,1.7,64,0.04,0.08,1
4,0,0.6,0.6,140,0.0,0.22,0
7,0,2.5,2.5,171,0.23,0.4,4
0,0,0.2,0.2,38,0.0,0.0,0
0,0,0.2,0.2,4,0.0,0.0,0
0,0,0.1,0.1,12,0.0,0.0,0
1,0,0.0,0.0,0,0.0,0.15,0
0,0,0.0,0.0,5,0.0,0.0,0
4,0,4.4,4.4,43,0.39,0.51,3
0,0,0.0,0.0,0,0.0,0.0,0
0,0,0.0,0.0,0,0.0,0.0,0
0,0,0.0,0.0,0,0.0,0.0,0
5,0,3.6,3.6,5,0.05,0.14,2
5,0,1.8,1.8,167,0.06,0.15,2
0,0,0.0,0.0,0,0.0,0.0,0
8,0,4.7,4.7,123,0.17,0.33,4
5,0,1.8,1.7,12,0.17,0.21,4
3,0,0.6,0.6,6,0.09,0.13,2
4,0,1.6,1.6,40,0.16,0.21,3
0,0,0.4,0.4,8,0.0,0.0,0
3,0,2.6,2.6,44,0.24,0.24,3
5,0,4.1,4.1,68,0.24,0.4,3
3,1,2.4,1.6,49,0.22,0.22,3
0,0,0.0,0.0,21,0.0,0.0,0
0,0,0.9,0.9,0,0.0,0.0,0
1,0,0.4,0.4,29,0.0,0.11,0
1,0,1.1,1.1,21,0.0,0.11,0
0,0,0.0,0.0,0,0.0,0.0,0
1,0,0.6,0.6,28,0.18,0.18,1
0,0,2.4,2.4,22,0.0,0.0,0
0,0,0.3,0.3,7,0.0,0.0,0
0,0,0.0,0.0,0,0.0,0.0,0
0,0,0.0,0.0,1,0.0,0.0,0
0,0,0.0,0.0,0,0.0,0.0,0
3,0,0.2,0.2,203,0.0,0.09,0
4,0,2.2,2.2,4,0.03,0.12,1
9,1,4.2,3.5,142,0.12,0.24,5
3,0,2.3,2.3,30,0.09,0.09,3
25,8,18.3,12.3,134,0.4,0.52,21
2,0,1.5,1.5,7,0.06,0.06,2
0,0,1.6,1.6,51,0.0,0.0,0
2,0,0.5,0.5,92,0.09,0.09,2
0,0,0.1,0.1,12,0.0,0.0,0
1,0,1.2,1.2,1,0.07,0.07,1
2,0,1.6,1.6,31,0.07,0.14,1
0,0,0.5,0.5,16,0.0,0.0,0
1,0,0.5,0.5,10,0.0,0.15,0
0,0,0.0,0.0,5,0.0,0.0,0
0,0,0.0,0.0,0,0.0,0.0,0
0,0,0.0,0.0,0,0.0,0.0,0
0,0,0.0,0.0,0,0.0,0.0,0
2,0,2.0,2.0,20,0.06,0.06,2
8,0,2.1,2.1,83,0.07,0.26,2
0,0,0.0,0.0,0,0.0,0.0,0
3,0,0.8,0.8,17,0.1,0.1,3
2,0,1.8,1.8,69,0.0,0.07,0
3,0,0.9,0.9,142,0.03,0.1,1
2,0,0.3,0.3,122,0.0,0.08,0
11,0,2.8,2.8,108,0.17,0.46,4
9,3,9.7,7.3,103,0.22,0.31,7
1,0,0.5,0.5,12,0.05,0.05,1
9,1,6.9,6.1,95,0.31,0.41,7
0,0,0.5,0.5,2,0.0,0.0,0
0,0,0.6,0.6,39,0.0,0.0,0
1,0,2.0,2.0,85,0.07,0.07,1
0,0,1.1,1.1,53,0.0,0.0,0
0,0,0.4,0.4,32,0.0,0.0,0
0,0,0.0,0.0,0,0.0,0.0,0
0,0,0.0,0.0,35,0.0,0.0,0
0,0,0.0,0.0,0,0.0,0.0,0
2,0,0.8,0.8,14,0.58,0.58,2
0,0,0.3,0.3,12,0.0,0.0,0
0,0,0.0,0.0,8,0.0,0.0,0
0,0,0.1,0.1,4,0.0,0.0,0
0,0,0.0,0.0,2,0.0,0.0,0
1,0,0.4,0.4,6,0.03,0.03,1
13,0,6.6,6.6,219,0.26,0.43,8
0,0,0.0,0.0,0,0.0,0.0,0
2,0,1.9,1.9,1,0.06,0.06,2
8,2,3.3,1.7,228,0.1,0.19,5
6,0,2.2,2.2,84,0.1,0.21,3
3,0,1.3,1.3,16,0.04,0.12,1
1,0,0.4,0.4,66,0.0,0.04,0
13,1,9.4,8.6,88,0.42,0.5,11
1,0,1.0,1.0,156,0.0,0.05,0
0,0,0.1,0.1,48,0.0,0.0,0
0,0,1.1,1.1,0,0.0,0.0,0
5,0,3.4,3.4,49,0.55,0.55,5
0,0,0.3,0.3,48,0.0,0.0,0
2,0,1.5,1.5,2,0.28,0.28,2
2,0,2.7,2.7,24,0.34,0.34,2
0,0,0.1,0.1,5,0.0,0.0,0
0,0,0.0,0.0,0,0.0,0.0,0
1,0,0.5,0.5,47,0.0,0.24,0
0,0,0.6,0.6,14,0.0,0.0,0
0,0,0.1,0.1,10,0.0,0.0,0
0,0,0.0,0.0,0,0.0,0.0,0
0,0,0.1,0.1,3,0.0,0.0,0
0,0,0.1,0.1,6,0.0,0.0,0
0,0,0.0,0.0,1,0.0,0.0,0
0,0,0.0,0.0,0,0.0,0.0,0
0,0,0.0,0.0,2,0.0,0.0,0
0,0,0.0,0.0,0,0.0,0.0,0
1,0,1.7,1.7,7,0.03,0.03,1
1,0,1.6,1.6,67,0.0,0.03,0
5,1,1.8,1.0,30,0.0,0.13,1
3,0,0.4,0.4,84,0.0,0.1,0
10,3,8.2,5.8,55,0.24,0.24,10
1,0,0.2,0.2,3,0.05,0.05,1
3,0,2.4,2.4,77,0.19,0.19,3
5,0,2.2,2.2,37,0.3,0.37,4
1,0,2.5,2.5,48,0.08,0.08,1
1,0,1.0,1.0,61,0.0,0.09,0
2,0,1.1,1.1,83,0.09,0.18,1
0,0,0.4,0.4,1,0.0,0.0,0
1,0,0.1,0.1,36,0.0,0.13,0
6,1,3.4,2.6,43,0.32,0.4,5
2,0,1.2,1.2,50,0.21,0.21,2
0,0,0.9,0.9,10,0.0,0.0,0
0,0,0.0,0.0,4,0.0,0.0,0
0,0,0.0,0.0,2,0.0,0.0,0
0,0,1.3,1.3,33,0.0,0.0,0
0,0,0.0,0.0,1,0.0,0.0,0
0,0,0.2,0.2,6,0.0,0.0,0
0,0,0.1,0.1,6,0.0,0.0,0
0,0,0.0,0.0,0,0.0,0.0,0
0,0,0.1,0.1,0,0.0,0.0,0
2,0,0.0,0.0,61,0.0,0.06,0
3,0,1.8,1.8,3,0.09,0.09,3
6,0,1.1,1.1,6,0.13,0.19,4
1,0,1.5,1.5,79,0.0,0.03,0
3,0,2.0,2.0,113,0.07,0.11,2
1,0,0.2,0.2,12,0.0,0.05,0
6,0,2.5,2.5,156,0.12,0.25,3
6,0,3.6,3.6,50,0.36,0.36,6
2,0,0.5,0.5,8,0.0,0.13,0
5,0,0.6,0.6,72,0.07,0.36,1
2,0,1.0,1.0,41,0.0,0.17,0
1,0,0.4,0.4,57,0.0,0.09,0
1,0,2.3,2.3,27,0.08,0.08,1
0,0,0.0,0.0,3,0.0,0.0,0
0,0,0.3,0.3,1,0.0,0.0,0
2,0,1.0,1.0,34,0.14,0.28,1
1,0,0.6,0.6,4,0.0,0.2,0
0,0,0.0,0.0,7,0.0,0.0,0
0,0,0.1,0.1,3,0.0,0.0,0
3,0,1.5,1.5,27,0.59,0.59,3
0,0,0.0,0.0,4,0.0,0.0,0
0,0,0.0,0.0,2,0.0,0.0,0
3,0,2.2,2.2,98,0.06,0.09,2
0,0,0.0,0.0,0,0.0,0.0,0
1,0,0.8,0.8,19,0.0,0.03,0
1,0,1.7,1.7,97,0.03,0.03,1
13,3,9.6,7.2,158,0.35,0.35,13
1,0,0.9,0.9,4,0.0,0.04,0
4,1,4.2,3.4,90,0.09,0.13,3
1,0,0.9,0.9,19,0.0,0.05,0
0,0,0.0,0.0,31,0.0,0.0,0
1,0,0.9,0.9,1,0.0,0.05,0
7,4,4.8,1.6,35,0.13,0.25,5
2,0,0.7,0.7,43,0.0,0.17,0
4,0,3.6,3.6,57,0.36,0.36,4
0,0,0.1,0.1,3,0.0,0.0,0
0,0,0.0,0.0,1,0.0,0.0,0
1,0,1.1,1.1,41,0.0,0.13,0
2,0,0.3,0.3,5,0.18,0.37,1
0,0,0.3,0.3,0,0.0,0.0,0
0,0,0.0,0.0,0,0.0,0.0,0
2,1,1.6,0.8,18,0.0,0.27,1
0,0,0.0,0.0,15,0.0,0.0,0
0,0,0.0,0.0,0,0.0,0.0,0
0,0,0.0,0.0,3,0.0,0.0,0
0,0,0.0,0.0,0,0.0,0.0,0
2,0,0.5,0.5,61,0.0,0.06,0
2,0,1.7,1.7,6,0.07,0.07,2
2,0,0.9,0.9,7,0.04,0.07,1
7,0,3.6,3.6,99,0.16,0.28,4
2,0,1.8,1.8,76,0.04,0.09,1
0,0,0.1,0.1,8,0.0,0.0,0
4,2,4.6,3.0,71,0.2,0.2,4
0,0,0.2,0.2,21,0.0,0.0,0
3,0,2.7,2.7,33,0.21,0.31,2
0,0,0.2,0.2,17,0.0,0.0,0
0,0,0.1,0.1,0,0.0,0.0,0
13,3,8.1,5.8,36,0.67,0.83,11
1,0,0.7,0.7,15,0.17,0.17,1
0,0,0.0,0.0,0,0.0,0.0,0
0,0,0.0,0.0,3,0.0,0.0,0
0,0,0.0,0.0,2,0.0,0.0,0
0,0,0.0,0.0,0,0.0,0.0,0
0,0,0.0,0.0,2,0.0,0.0,0
0,0,0.0,0.0,0,0.0,0.0,0
13,1,10.1,9.3,247,0.29,0.35,11
0,0,0.5,0.5,57,0.0,0.0,0
2,0,0.6,0.6,6,0.03,0.07,1
0,0,0.0,0.0,0,0.0,0.0,0
2,1,1.6,0.8,5,0.0,0.04,1
2,0,0.9,0.9,96,0.04,0.08,1
6,1,6.8,6.0,95,0.17,0.25,4
5,0,1.9,1.9,18,0.12,0.2,3
4,0,0.9,0.9,23,0.04,0.17,1
3,0,2.4,2.4,50,0.09,0.13,2
8,0,2.1,2.1,83,0.21,0.42,4
7,0,2.8,2.8,39,0.06,0.41,1
2,0,0.9,0.9,20,0.0,0.12,0
2,0,2.5,2.5,44,0.08,0.16,1
3,0,1.1,1.1,101,0.19,0.28,2
0,0,0.0,0.0,0,0.0,0.0,0
0,0,0.0,0.0,1,0.0,0.0,0
0,0,0.2,0.2,0,0.0,0.0,0
0,0,1.5,1.5,17,0.0,0.0,0
1,0,1.1,1.1,27,0.22,0.22,1
1,0,0.3,0.3,2,0.34,0.34,1
1,0,0.2,0.2,20,0.0,0.51,0
1,0,0.1,0.1,5,0.64,0.64,1
0,0,0.4,0.4,5,0.0,0.0,0
0,0,0.1,0.1,1,0.0,0.0,0
0,0,0.1,0.1,3,0.0,0.0,0
0,0,0.0,0.0,0,0.0,0.0,0
0,0,0.0,0.0,0,0.0,0.0,0
0,0,0.0,0.0,0,0.0,0.0,0
2,0,1.5,1.5,2,0.06,0.06,2
0,0,0.0,0.0,0,0.0,0.0,0
4,0,3.0,3.0,42,0.11,0.15,3
3,0,0.9,0.9,89,0.03,0.1,1
1,0,0.6,0.6,20,0.04,0.04,1
3,0,0.8,0.8,90,0.08,0.11,2
2,0,0.6,0.6,30,0.04,0.08,1
1,0,0.1,0.1,0,0.04,0.04,1
1,0,1.3,1.3,2,0.05,0.05,1
4,2,4.9,3.3,90,0.0,0.16,1
3,0,1.8,1.8,53,0.06,0.17,1
3,0,3.8,3.8,49,0.23,0.23,3
5,0,2.1,2.1,66,0.07,0.34,1
3,0,1.4,1.4,64,0.33,0.5,2
0,0,0.0,0.0,0,0.0,0.0,0
0,0,0.4,0.4,14,0.0,0.0,0
1,0,0.5,0.5,11,0.0,0.23,0
1,0,0.5,0.5,7,0.0,0.3,0
0,0,0.0,0.0,0,0.0,0.0,0
0,0,0.0,0.0,21,0.0,0.0,0
0,0,0.0,0.0,0,0.0,0.0,0
0,0,0.5,0.5,3,0.0,0.0,0
4,0,1.3,1.3,91,0.03,0.14,1
0,0,1.1,1.1,3,0.0,0.0,0
1,0,0.4,0.4,62,0.0,0.04,0
0,0,0.0,0.0,0,0.0,0.0,0
1,0,0.7,0.7,8,0.05,0.05,1
2,0,0.1,0.1,65,0.0,0.09,0
13,3,8.8,6.4,119,0.39,0.53,10
3,0,1.6,1.6,39,0.0,0.15,0
9,0,4.8,4.8,75,0.15,0.44,3
3,0,0.9,0.9,53,0.19,0.19,3
0,0,0.9,0.9,1,0.0,0.0,0
3,0,0.1,0.1,15,0.0,0.23,0
1,0,0.3,0.3,9,0.09,0.09,1
0,0,0.0,0.0,0,0.0,0.0,0
0,0,0.3,0.3,3,0.0,0.0,0
3,0,0.8,0.8,58,0.3,0.45,2
0,0,0.0,0.0,5,0.0,0.0,0
0,0,0.0,0.0,2,0.0,0.0,0
0,0,0.0,0.0,7,0.0,0.0,0
0,0,0.1,0.1,0,0.0,0.0,0
0,0,0.0,0.0,5,0.0,0.0,0
0,0,0.0,0.0,2,0.0,0.0,0
0,0,0.0,0.0,2,0.0,0.0,0
0,0,0.0,0.0,1,0.0,0.0,0
0,0,0.0,0.0,0,0.0,0.0,0
0,0,0.0,0.0,0,0.0,0.0,0
0,0,0.0,0.0,0,0.0,0.0,0
0,0,0.2,0.2,117,0.0,0.0,0
9,0,4.1,4.1,190,0.15,0.35,4
2,0,0.5,0.5,4,0.09,0.09,2
1,0,0.9,0.9,74,0.0,0.05,0
2,0,1.7,1.7,68,0.1,0.1,2
1,0,1.8,1.8,22,0.0,0.05,0
0,0,0.8,0.8,8,0.0,0.0,0
4,1,3.5,2.7,27,0.13,0.2,3
0,0,0.3,0.3,3,0.0,0.0,0
3,0,4.2,4.2,40,0.19,0.19,3
2,0,2.1,2.1,28,0.15,0.15,2
3,0,2.7,2.7,39,0.08,0.23,1
0,0,0.0,0.0,29,0.0,0.0,0
3,0,0.7,0.7,93,0.13,0.19,2
0,0,0.3,0.3,26,0.0,0.0,0
0,0,0.3,0.3,1,0.0,0.0,0
0,0,0.1,0.1,7,0.0,0.0,0
2,0,2.2,2.2,27,0.25,0.25,2
0,0,0.1,0.1,0,0.0,0.0,0
1,0,0.9,0.9,43,0.0,0.14,0
0,0,0.1,0.1,7,0.0,0.0,0
0,0,0.0,0.0,0,0.0,0.0,0
0,0,0.0,0.0,0,0.0,0.0,0
0,0,0.0,0.0,4,0.0,0.0,0
0,0,0.1,0.1,0,0.0,0.0,0
0,0,0.7,0.7,22,0.0,0.0,0
0,0,0.0,0.0,1,0.0,0.0,0
0,0,0.0,0.0,2,0.0,0.0,0
0,0,0.0,0.0,0,0.0,0.0,0
0,0,0.0,0.0,1,0.0,0.0,0
0,0,0.0,0.0,5,0.0,0.0,0
3,0,1.1,1.1,9,0.09,0.09,3
9,0,0.9,0.9,72,0.06,0.28,2
9,0,2.5,2.5,252,0.07,0.31,2
0,0,0.0,0.0,0,0.0,0.0,0
0,0,1.1,1.1,17,0.0,0.0,0
4,0,2.9,2.9,72,0.07,0.13,2
22,4,9.4,6.1,309,0.31,0.77,10
21,1,12.7,11.9,107,1.07,1.07,21
4,0,1.3,1.3,17,0.11,0.23,2
7,0,1.0,1.0,47,0.19,0.43,3
6,0,3.1,3.1,130,0.13,0.4,2
9,1,7.8,7.1,61,0.71,0.8,8
7,0,1.5,1.5,40,0.08,0.55,1
1,0,1.4,1.4,28,0.1,0.1,1
1,0,0.1,0.1,53,0.0,0.12,0
3,0,2.4,2.4,35,0.31,0.46,2
2,0,2.7,2.7,100,0.23,0.23,2
0,0,0.0,0.0,0,0.0,0.0,0
3,0,1.0,1.0,29,0.51,0.76,2
0,0,0.4,0.4,3,0.0,0.0,0
2,0,0.9,0.9,24,0.7,0.7,2
0,0,2.4,2.4,24,0.0,0.0,0
23,3,21.6,19.3,215,0.49,0.77,15
3,0,1.7,1.7,4,0.1,0.1,3
8,0,2.5,2.5,162,0.18,0.29,5
4,0,3.1,3.1,33,0.11,0.15,3
0,0,0.0,0.0,0,0.0,0.0,0
3,0,1.4,1.4,27,0.04,0.12,1
9,0,4.9,4.9,146,0.23,0.51,4
5,0,2.9,2.9,96,0.18,0.29,3
24,2,8.8,7.3,125,0.81,1.37,15
2,0,0.8,0.8,42,0.06,0.12,1
4,0,2.6,2.6,73,0.09,0.36,1
5,0,1.9,1.9,93,0.2,0.49,2
0,0,0.0,0.0,0,0.0,0.0,0
1,0,1.0,1.0,9,0.12,0.12,1
5,0,3.0,3.0,45,0.53,0.67,4
2,0,0.5,0.5,6,0.25,0.49,1
3,0,1.2,1.2,15,0.9,0.9,3
1,0,0.9,0.9,27,0.0,0.31,0
1,0,1.1,1.1,19,0.29,0.29,1
0,0,0.0,0.0,1,0.0,0.0,0
0,0,0.0,0.0,4,0.0,0.0,0
2,0,2.0,2.0,41,0.06,0.06,2
1,0,0.5,0.5,9,0.03,0.03,1
3,0,2.8,2.8,16,0.07,0.11,2
4,0,0.8,0.6,109,0.08,0.16,2
1,0,1.7,1.7,50,0.04,0.04,1
0,0,0.0,0.0,0,0.0,0.0,0
6,0,2.7,2.7,49,0.24,0.29,5
4,0,5.5,5.5,84,0.12,0.23,2
1,0,0.4,0.4,18,0.07,0.07,1
3,0,1.1,1.1,71,0.0,0.23,0
1,0,0.8,0.8,60,0.0,0.09,0
2,0,0.5,0.5,34,0.22,0.22,2
0,0,0.0,0.0,0,0.0,0.0,0
0,0,0.2,0.2,3,0.0,0.0,0
0,0,0.0,0.0,35,0.0,0.0,0
3,0,1.8,1.8,36,0.28,0.42,2
0,0,0.0,0.0,10,0.0,0.0,0
0,0,0.0,0.0,0,0.0,0.0,0
0,0,0.0,0.0,0,0.0,0.0,0
0,0,0.9,0.9,46,0.0,0.0,0
8,0,3.1,3.1,152,0.03,0.27,1
0,0,0.0,0.0,0,0.0,0.0,0
5,0,1.5,1.5,144,0.03,0.17,1
13,0,5.3,5.3,165,0.24,0.44,7
12,2,5.5,3.9,64,0.18,0.36,7
20,2,14.8,13.2,157,0.68,0.77,18
14,0,5.8,5.8,219,0.38,0.54,10
1,0,0.1,0.1,22,0.0,0.04,0
0,0,1.6,1.6,3,0.0,0.0,0
1,0,0.8,0.8,5,0.0,0.06,0
2,0,0.8,0.8,5,0.07,0.14,1
1,0,1.2,1.2,5,0.13,0.13,1
1,0,0.5,0.5,31,0.0,0.17,0
1,0,0.3,0.3,36,0.0,0.18,0
0,0,0.0,0.0,0,0.0,0.0,0
0,0,0.1,0.1,8,0.0,0.0,0
0,0,0.0,0.0,6,0.0,0.0,0
0,0,0.0,0.0,0,0.0,0.0,0
0,0,0.1,0.1,2,0.0,0.0,0
0,0,0.0,0.0,0,0.0,0.0,0
5,0,4.0,4.0,8,0.2,0.2,5
16,0,5.1,5.1,185,0.42,0.67,10
6,0,0.5,0.5,127,0.05,0.3,1
0,0,0.2,0.2,30,0.0,0.0,0
1,0,0.3,0.3,26,0.05,0.05,1
3,0,4.5,4.5,95,0.11,0.17,2
1,0,0.8,0.8,32,0.06,0.06,1
0,0,0.4,0.4,23,0.0,0.0,0
2,0,0.4,0.4,20,0.0,0.11,0
1,0,1.1,1.1,34,0.06,0.06,1
6,0,1.6,1.6,123,0.17,0.35,3
1,0,1.4,1.4,24,0.0,0.07,0
0,0,0.3,0.3,2,0.0,0.0,0
2,0,0.5,0.4,55,0.0,0.19,0
0,0,0.5,0.5,27,0.0,0.0,0
0,0,0.0,0.0,0,0.0,0.0,0
0,0,0.1,0.1,2,0.0,0.0,0
1,0,0.3,0.3,14,0.0,0.59,0
0,0,0.0,0.0,4,0.0,0.0,0
0,0,0.1,0.1,2,0.0,0.0,0
0,0,0.3,0.3,2,0.0,0.0,0
0,0,0.0,0.0,3,0.0,0.0,0
0,0,0.0,0.0,0,0.0,0.0,0
0,0,0.0,0.0,0,0.0,0.0,0
9,1,4.3,3.5,201,0.13,0.25,5
1,0,1.1,1.1,28,0.0,0.03,0
16,2,10.1,8.5,166,0.26,0.56,8
15,0,7.2,7.2,89,0.41,0.61,10
0,0,0.5,0.5,1,0.0,0.0,0
1,0,1.1,1.1,3,0.0,0.04,0
3,0,1.4,1.4,105,0.15,0.15,3
0,0,0.0,0.0,6,0.0,0.0,0
0,0,0.4,0.4,3,0.0,0.0,0
1,0,0.6,0.6,2,0.0,0.09,0
3,0,1.6,1.6,38,0.18,0.27,2
5,0,4.1,4.1,88,0.5,0.5,5
2,0,0.2,0.2,4,0.2,0.4,1
1,2,2.6,1.0,28,0.0,0.0,1
0,0,0.0,0.0,0,0.0,0.0,0
0,0,0.0,0.0,1,0.0,0.0,0
1,0,0.0,0.0,0,0.0,0.03,0
9,0,1.8,1.8,69,0.03,0.3,1
8,0,0.9,0.9,155,0.04,0.29,1
4,0,2.0,1.8,5,0.12,0.16,3
5,0,2.9,2.9,202,0.09,0.23,2
11,1,7.6,6.7,123,0.29,0.54,6
4,0,1.6,1.6,164,0.11,0.22,2
16,2,14.1,12.4,115,0.73,0.78,15
1,0,0.5,0.5,4,0.07,0.07,1
3,0,1.1,1.1,32,0.11,0.32,1
1,0,0.6,0.6,22,0.0,0.08,0
0,0,0.1,0.1,5,0.0,0.0,0
4,0,1.4,1.4,61,0.1,0.42,1
0,0,0.1,0.1,2,0.0,0.0,0
0,0,0.1,0.1,0,0.0,0.0,0
0,0,0.3,0.3,16,0.0,0.0,0
1,0,0.6,0.6,40,0.22,0.22,1
0,0,0.5,0.5,3,0.0,0.0,0
0,0,0.2,0.2,0,0.0,0.0,0
0,0,0.0,0.0,2,0.0,0.0,0
0,0,0.0,0.0,0,0.0,0.0,0
0,0,0.0,0.0,2,0.0,0.0,0
2,0,0.7,0.7,9,0.0,0.06,0
3,0,1.6,1.6,5,0.1,0.1,3
23,2,13.6,11.9,145,0.49,0.72,16
0,0,0.4,0.4,69,0.0,0.0,0
2,0,2.0,2.0,5,0.04,0.08,1
3,0,0.9,0.9,71,0.05,0.14,1
15,1,7.4,6.6,141,0.47,0.66,11
3,0,1.7,1.7,30,0.1,0.15,2
0,0,0.0,0.0,0,0.0,0.0,0
11,0,4.5,4.5,124,0.25,0.69,4
6,2,3.9,2.3,95,0.06,0.23,3
1,0,1.2,1.2,29,0.06,0.06,1
0,0,0.0,0.0,0,0.0,0.0,0
1,0,0.4,0.4,3,0.0,0.09,0
3,0,1.9,1.9,85,0.22,0.33,2
2,0,0.2,0.2,55,0.0,0.19,0
2,0,3.8,3.8,50,0.22,0.22,2
1,0,0.3,0.3,32,0.12,0.12,1
0,0,0.0,0.0,0,0.0,0.0,0
1,0,0.3,0.3,1,0.24,0.24,1
1,0,0.6,0.6,8,0.0,0.24,0
1,0,0.4,0.4,3,1.5,1.5,1
0,0,0.0,0.0,0,0.0,0.0,0
0,0,0.0,0.0,2,0.0,0.0,0
0,0,0.0,0.0,1,0.0,0.0,0
0,0,0.0,0.0,0,0.0,0.0,0
19,2,8.7,7.2,244,0.29,0.62,10
1,0,0.3,0.3,89,0.04,0.04,1
2,0,1.0,1.0,8,0.0,0.07,0
2,0,1.4,1.4,3,0.07,0.07,2
8,0,0.9,0.9,16,0.11,0.31,3
7,0,2.0,2.0,117,0.12,0.29,3
7,0,3.7,3.7,75,0.15,0.36,3
2,0,1.0,1.0,24,0.07,0.14,1
2,0,1.2,1.2,63,0.06,0.12,1
4,0,3.6,3.6,39,0.22,0.3,3
3,0,1.2,1.2,1,0.23,0.34,2
0,0,0.0,0.0,6,0.0,0.0,0
0,0,0.1,0.1,2,0.0,0.0,0
0,0,0.0,0.0,0,0.0,0.0,0
0,0,0.1,0.1,5,0.0,0.0,0
3,1,1.4,0.6,10,0.3,0.59,2
0,0,0.0,0.0,18,0.0,0.0,0
0,0,0.2,0.2,0,0.0,0.0,0
1,0,0.4,0.4,12,0.0,0.73,0
1,0,2.3,2.3,18,0.53,0.53,1
5,1,1.7,0.9,19,0.03,0.15,1
5,0,1.1,1.1,164,0.03,0.17,1
1,0,1.4,1.4,71,0.0,0.03,0
2,0,1.8,1.8,13,0.04,0.07,1
4,0,0.7,0.7,95,0.04,0.17,1
1,0,0.8,0.8,49,0.0,0.04,0
11,0,4.7,4.7,102,0.38,0.47,9
2,0,1.4,1.4,82,0.05,0.1,1
9,0,4.2,4.2,118,0.39,0.5,7
0,0,0.0,0.0,0,0.0,0.0,0
9,1,6.1,5.3,113,0.32,0.43,7
0,0,0.0,0.0,0,0.0,0.0,0
4,0,0.8,0.8,2,0.21,0.28,3
2,0,1.2,1.2,7,0.0,0.15,0
0,0,0.7,0.7,58,0.0,0.0,0
0,0,0.2,0.2,7,0.0,0.0,0
0,0,1.5,1.5,56,0.0,0.0,0
3,0,1.1,1.1,46,0.28,0.41,2
0,0,0.1,0.1,48,0.0,0.0,0
0,0,0.7,0.7,24,0.0,0.0,0
0,0,0.1,0.1,3,0.0,0.0,0
0,0,0.3,0.3,13,0.0,0.0,0
0,0,0.1,0.1,10,0.0,0.0,0
1,0,0.1,0.1,1,0.0,0.75,0
0,0,0.4,0.4,5,0.0,0.0,0
0,0,0.2,0.2,8,0.0,0.0,0
0,0,0.0,0.0,0,0.0,0.0,0
2,0,2.6,2.6,14,0.03,0.06,1
2,0,1.4,1.4,34,0.03,0.07,1
3,0,1.4,1.4,16,0.04,0.11,1
0,0,0.1,0.1,0,0.0,0.0,0
0,0,0.7,0.7,22,0.0,0.0,0
4,0,1.1,1.1,5,0.1,0.21,2
2,0,0.6,0.6,42,0.06,0.12,1
5,0,2.8,2.8,93,0.21,0.36,3
1,1,0.8,0.0,2,0.0,0.0,1
7,1,4.9,4.1,59,0.58,0.58,7
1,0,0.9,0.9,19,0.1,0.1,1
1,0,3.2,3.2,40,0.0,0.1,0
1,0,1.3,1.3,42,0.13,0.13,1
1,0,0.4,0.4,13,0.0,0.16,0
0,0,0.0,0.0,0,0.0,0.0,0
3,0,0.9,0.9,34,0.31,0.46,2
0,0,0.5,0.5,17,0.0,0.0,0
0,0,0.1,0.1,9,0.0,0.0,0
0,0,0.0,0.0,5,0.0,0.0,0
19,3,11.8,9.5,202,0.26,0.52,11
7,0,2.2,2.2,102,0.18,0.25,5
3,0,2.0,2.0,36,0.03,0.1,1
0,0,0.0,0.0,0,0.0,0.0,0
1,0,0.8,0.8,13,0.04,0.04,1
0,0,0.1,0.1,16,0.0,0.0,0
1,0,0.9,0.9,66,0.0,0.06,0
2,0,0.8,0.8,86,0.11,0.11,2
0,0,0.1,0.1,6,0.0,0.0,0
2,0,1.1,1.1,86,0.06,0.13,1
0,0,0.3,0.3,1,0.0,0.0,0
0,0,0.2,0.2,4,0.0,0.0,0
0,0,0.2,0.2,21,0.0,0.0,0
4,0,3.4,3.4,35,0.52,0.52,4
1,0,0.1,0.1,7,0.0,0.13,0
4,0,3.3,3.3,45,0.33,0.44,3
1,0,0.1,0.1,42,0.0,0.15,0
0,0,0.0,0.0,0,0.0,0.0,0
0,0,0.1,0.1,2,0.0,0.0,0
2,0,1.9,1.9,12,0.03,0.06,1
0,0,0.0,0.0,0,0.0,0.0,0
7,0,3.9,3.9,48,0.13,0.23,4
0,0,0.7,0.7,8,0.0,0.0,0
1,0,0.5,0.5,115,0.0,0.03,0
1,0,0.3,0.3,50,0.0,0.05,0
5,1,3.7,2.9,65,0.1,0.2,3
4,0,1.0,1.0,21,0.13,0.27,2
5,0,3.3,3.3,83,0.23,0.28,4
0,0,0.6,0.6,12,0.0,0.0,0
5,0,1.7,1.7,43,0.19,0.47,2
0,0,0.3,0.3,0,0.0,0.0,0
2,0,0.6,0.6,12,0.23,0.23,2
0,0,0.5,0.5,21,0.0,0.0,0
0,0,0.0,0.0,0,0.0,0.0,0
0,0,0.2,0.2,3,0.0,0.0,0
0,0,0.0,0.0,0,0.0,0.0,0
0,0,0.0,0.0,0,0.0,0.0,0
2,0,1.4,1.4,38,0.0,0.07,0
1,0,1.5,1.5,31,0.0,0.04,0
0,0,0.0,0.0,0,0.0,0.0,0
6,0,1.9,1.9,45,0.24,0.28,5
1,0,0.7,0.7,25,0.0,0.05,0
4,0,1.9,1.9,50,0.1,0.21,2
0,0,0.6,0.6,9,0.0,0.0,0
2,0,1.2,1.2,2,0.12,0.12,2
9,0,5.9,5.9,71,0.47,0.52,8
0,0,0.1,0.1,16,0.0,0.0,0
9,1,3.5,2.7,71,0.34,0.54,6
3,0,0.9,0.9,16,0.07,0.21,1
1,0,0.5,0.5,34,0.0,0.07,0
1,0,0.9,0.9,1,0.11,0.11,1
0,0,0.0,0.0,0,0.0,0.0,0
3,0,2.3,2.3,58,0.11,0.34,1
0,0,0.0,0.0,0,0.0,0.0,0
1,0,0.1,0.1,30,0.0,0.23,0
0,0,0.0,0.0,2,0.0,0.0,0
2,0,0.9,0.9,11,0.31,0.62,1
0,0,0.0,0.0,0,0.0,0.0,0
0,0,1.4,1.4,83,0.0,0.0,0
3,0,1.7,1.7,69,0.07,0.1,2
7,1,4.0,3.0,111,0.18,0.25,5
6,0,5.5,5.5,112,0.12,0.24,3
2,0,0.2,0.2,16,0.0,0.08,0
0,0,0.0,0.0,0,0.0,0.0,0
0,0,0.7,0.7,4,0.0,0.0,0
0,0,0.7,0.7,14,0.0,0.0,0
1,0,0.9,0.9,3,0.06,0.06,1
0,0,0.0,0.0,0,0.0,0.0,0
0,0,0.1,0.1,11,0.0,0.0,0
0,0,0.4,0.4,20,0.0,0.0,0
3,0,2.1,2.1,37,0.16,0.23,2
10,1,7.7,6.9,70,0.69,0.78,9
2,0,0.6,0.6,4,0.1,0.2,1
2,1,2.7,1.9,19,0.22,0.44,1
0,0,0.8,0.8,16,0.0,0.0,0
1,0,0.2,0.2,9,0.4,0.4,1
0,0,0.2,0.2,16,0.0,0.0,0
0,0,0.2,0.2,5,0.0,0.0,0
0,0,0.0,0.0,0,0.0,0.0,0
4,0,2.9,2.9,2,0.03,0.11,1
5,0,2.8,2.8,163,0.08,0.14,3
24,4,13.0,9.8,219,0.35,0.66,14
0,0,0.0,0.0,0,0.0,0.0,0
16,0,7.4,7.4,131,0.37,0.49,12
10,0,4.4,4.4,119,0.19,0.32,6
1,0,0.3,0.3,32,0.0,0.03,0
2,0,1.1,1.1,62,0.0,0.08,0
1,0,0.8,0.8,8,0.05,0.05,1
6,0,2.7,2.7,143,0.14,0.42,2
1,0,0.5,0.5,18,0.0,0.08,0
1,0,0.3,0.3,2,0.0,0.08,0
0,0,0.0,0.0,0,0.0,0.0,0
2,0,2.6,2.6,30,0.21,0.43,1
0,0,0.7,0.7,36,0.0,0.0,0
1,0,1.5,1.5,8,0.46,0.46,1
0,0,0.2,0.2,0,0.0,0.0,0
0,0,0.0,0.0,0,0.0,0.0,0
0,0,0.0,0.0,1,0.0,0.0,0
0,0,0.0,0.0,0,0.0,0.0,0
8,0,0.9,0.9,32,0.12,0.24,4
5,0,4.1,4.1,79,0.12,0.16,4
3,0,2.7,2.7,42,0.03,0.1,1
33,5,18.9,14.9,199,0.79,1.1,25
20,1,10.3,9.5,316,0.56,0.76,15
9,0,1.1,1.1,191,0.0,0.34,0
0,0,1.0,1.0,3,0.0,0.0,0
6,0,2.2,2.2,139,0.17,0.26,4
14,0,7.3,7.3,211,0.3,0.61,7
7,1,6.6,5.8,68,0.14,0.32,3
2,0,0.8,0.8,47,0.0,0.09,0
3,0,0.2,0.2,104,0.0,0.15,0
0,0,0.5,0.5,14,0.0,0.0,0
6,0,3.1,3.1,69,0.36,0.54,4
3,0,2.0,2.0,99,0.15,0.23,2
0,0,0.2,0.2,5,0.0,0.0,0
0,0,0.1,0.1,7,0.0,0.0,0
2,0,0.6,0.6,2,0.64,0.64,2
0,0,0.0,0.0,0,0.0,0.0,0
0,0,0.1,0.1,5,0.0,0.0,0
0,0,0.0,0.0,14,0.0,0.0,0
0,0,0.0,0.0,0,0.0,0.0,0
0,0,0.0,0.0,1,0.0,0.0,0
0,0,0.0,0.0,1,0.0,0.0,0
0,0,0.0,0.0,2,0.0,0.0,0
0,0,0.1,0.1,0,0.0,0.0,0
0,0,0.1,0.1,0,0.0,0.0,0
1,0,1.0,1.0,5,0.0,0.03,0
0,0,0.0,0.0,0,0.0,0.0,0
3,0,1.4,1.4,172,0.06,0.08,2
2,0,1.7,1.7,23,0.06,0.06,2
3,0,3.4,3.4,50,0.07,0.1,2
14,2,11.9,10.3,175,0.37,0.45,12
2,0,0.6,0.6,93,0.0,0.08,0
6,0,2.1,2.1,41,0.18,0.26,4
10,0,3.0,3.0,191,0.25,0.51,5
3,1,4.7,3.9,82,0.06,0.11,2
4,2,2.3,0.7,14,0.07,0.13,3
3,0,2.7,2.7,44,0.15,0.22,2
0,0,0.5,0.5,1,0.0,0.0,0
2,0,1.4,1.4,57,0.11,0.22,1
1,0,0.3,0.3,25,0.0,0.19,0
0,0,0.2,0.2,3,0.0,0.0,0
0,0,0.1,0.1,5,0.0,0.0,0
0,0,0.1,0.1,9,0.0,0.0,0
1,0,0.0,0.0,26,0.0,0.44,0
1,0,0.3,0.3,15,0.0,0.59,0
0,0,0.0,0.0,0,0.0,0.0,0
0,0,0.0,0.0,2,0.0,0.0,0
1,0,0.0,0.0,0,0.0,0.03,0
5,0,1.4,1.4,193,0.0,0.14,0
4,0,1.1,1.1,11,0.03,0.12,1
22,2,19.4,17.9,143,0.6,0.7,19
10,0,1.8,1.8,91,0.18,0.36,5
1,0,0.5,0.5,12,0.04,0.04,1
3,0,1.1,1.1,16,0.16,0.16,3
7,1,2.7,1.9,34,0.14,0.28,4
10,0,1.0,1.0,30,0.29,0.73,4
0,0,0.2,0.2,5,0.0,0.0,0
0,0,0.1,0.1,0,0.0,0.0,0
3,0,0.6,0.6,24,0.11,0.32,1
2,0,0.9,0.9,31,0.08,0.16,1
3,0,0.5,0.5,19,0.09,0.28,1
1,0,0.2,0.2,17,0.21,0.21,1
0,0,0.1,0.1,26,0.0,0.0,0
1,0,0.7,0.7,2,0.26,0.26,1
0,0,0.7,0.6,20,0.0,0.0,0
0,0,0.0,0.0,0,0.0,0.0,0
0,0,0.0,0.0,1,0.0,0.0,0
0,0,0.0,0.0,1,0.0,0.0,0
0,0,0.1,0.1,5,0.0,0.0,0
0,0,0.0,0.0,1,0.0,0.0,0
0,0,0.0,0.0,3,0.0,0.0,0
0,0,0.0,0.0,0,0.0,0.0,0
4,0,1.4,1.4,64,0.03,0.11,1
14,2,6.4,4.9,264,0.2,0.4,8
1,0,1.1,1.1,12,0.03,0.03,1
3,0,1.5,1.5,42,0.0,0.1,0
2,0,2.4,2.4,4,0.07,0.07,2
0,0,0.0,0.0,0,0.0,0.0,0
6,0,5.2,5.2,249,0.16,0.24,4
13,3,13.4,11.3,149,0.3,0.42,10
12,0,7.1,7.1,114,0.37,0.5,9
4,0,2.0,2.0,108,0.15,0.15,4
8,0,1.1,1.1,100,0.0,0.43,0
1,0,0.1,0.1,96,0.0,0.06,0
4,0,1.1,1.1,57,0.29,0.38,3
4,0,0.7,0.7,61,0.0,0.34,0
0,0,0.0,0.0,0,0.0,0.0,0
5,0,2.3,2.3,14,0.21,0.51,2
2,0,1.3,1.3,5,0.26,0.26,2
1,0,1.1,1.1,5,0.15,0.15,1
3,0,0.2,0.2,18,0.0,0.64,0
0,0,0.0,0.0,0,0.0,0.0,0
0,0,0.0,0.0,1,0.0,0.0,0
0,0,0.1,0.1,6,0.0,0.0,0
0,0,0.0,0.0,0,0.0,0.0,0
0,0,0.1,0.1,0,0.0,0.0,0
0,0,0.0,0.0,0,0.0,0.0,0
14,0,7.5,7.5,121,0.29,0.4,10
7,1,2.7,1.9,148,0.13,0.23,4
7,0,1.3,1.3,32,0.04,0.25,1
16,0,7.6,7.6,262,0.31,0.62,8
2,0,1.1,1.1,2,0.08,0.08,2
3,0,1.8,1.8,10,0.1,0.14,2
0,0,0.6,0.6,1,0.0,0.0,0
1,0,0.1,0.1,3,0.0,0.06,0
2,0,1.9,1.9,74,0.0,0.11,0
0,0,0.4,0.4,71,0.0,0.0,0
7,2,7.1,5.4,69,0.15,0.46,3
0,0,0.7,0.7,32,0.0,0.0,0
2,0,2.7,2.7,56,0.24,0.24,2
7,1,4.8,4.0,38,0.67,0.94,5
0,0,0.0,0.0,19,0.0,0.0,0
1,0,1.5,1.5,48,0.22,0.22,1
0,0,0.3,0.3,31,0.0,0.0,0
0,0,0.1,0.1,12,0.0,0.0,0
0,0,0.0,0.0,0,0.0,0.0,0
0,0,0.0,0.0,0,0.0,0.0,0
0,0,0.0,0.0,17,0.0,0.0,0
0,0,0.1,0.1,4,0.0,0.0,0
0,0,0.0,0.0,3,0.0,0.0,0
0,0,0.0,0.0,0,0.0,0.0,0
0,0,0.0,0.0,1,0.0,0.0,0
3,0,1.3,1.3,56,0.03,0.08,1
1,0,1.5,1.5,9,0.0,0.03,0
1,0,0.6,0.6,7,0.0,0.03,0
0,0,0.0,0.0,0,0.0,0.0,0
12,1,7.7,6.9,136,0.31,0.47,8
12,2,7.0,5.4,231,0.25,0.42,8
6,0,0.7,0.7,88,0.0,0.24,0
7,0,3.6,3.6,99,0.28,0.32,6
19,3,10.1,7.8,186,0.58,0.77,15
5,0,2.2,2.2,123,0.21,0.35,3
2,0,0.5,0.5,21,0.0,0.15,0
4,0,2.1,2.0,23,0.15,0.31,2
1,0,0.8,0.8,30,0.08,0.08,1
2,0,0.6,0.6,43,0.08,0.16,1
4,0,0.2,0.2,36,0.0,0.34,0
5,0,4.3,4.3,84,0.23,0.39,3
0,0,0.0,0.0,0,0.0,0.0,0
2,1,1.0,0.2,26,0.0,0.09,1
4,0,2.3,2.3,43,0.26,0.35,3
1,0,0.5,0.5,2,0.0,0.1,0
0,0,0.4,0.4,17,0.0,0.0,0
0,0,0.3,0.3,35,0.0,0.0,0
1,0,0.1,0.1,20,0.0,0.14,0
0,0,0.2,0.2,1,0.0,0.0,0
4,0,0.8,0.8,63,0.15,0.58,1
1,0,0.7,0.7,31,0.3,0.3,1
1,0,0.3,0.3,19,0.36,0.36,1
0,0,0.0,0.0,0,0.0,0.0,0
0,0,0.1,0.1,1,0.0,0.0,0
14,1,9.3,8.5,171,0.2,0.47,6
0,0,1.6,1.6,4,0.0,0.0,0
5,0,2.0,2.0,85,0.1,0.17,3
1,0,2.5,2.5,8,0.04,0.04,1
11,1,7.1,6.3,155,0.31,0.48,7
0,0,0.4,0.4,58,0.0,0.0,0
3,0,0.9,0.9,19,0.0,0.15,0
2,0,0.8,0.8,1,0.0,0.1,0
0,0,0.0,0.0,0,0.0,0.0,0
5,0,0.8,0.8,46,0.17,0.41,2
0,0,0.0,0.0,0,0.0,0.0,0
0,0,0.3,0.3,30,0.0,0.0,0
2,0,0.6,0.6,18,0.08,0.15,1
0,0,0.0,0.0,0,0.0,0.0,0
3,0,0.2,0.2,40,0.13,0.38,1
1,0,0.7,0.7,19,0.0,0.13,0
0,0,0.4,0.4,9,0.0,0.0,0
2,0,2.5,2.5,33,0.3,0.3,2
4,0,2.5,2.5,36,0.31,0.62,2
2,0,1.8,1.8,55,0.33,0.33,2
0,0,0.2,0.2,5,0.0,0.0,0
2,0,0.2,0.2,14,0.27,0.54,1
0,0,0.1,0.1,0,0.0,0.0,0
0,0,0.0,0.0,16,0.0,0.0,0
0,0,0.0,0.0,1,0.0,0.0,0
0,0,0.0,0.0,0,0.0,0.0,0
0,0,0.1,0.1,13,0.0,0.0,0
0,0,1.0,1.0,11,0.0,0.0,0
0,0,0.0,0.0,1,0.0,0.0,0
0,0,0.0,0.0,0,0.0,0.0,0
2,0,1.3,1.3,30,0.03,0.06,1
2,0,1.2,1.2,3,0.06,0.06,2
12,1,9.0,8.2,153,0.31,0.41,9
2,0,0.9,0.9,9,0.04,0.08,1
9,2,3.4,1.8,110,0.13,0.3,5
3,0,0.7,0.7,10,0.05,0.14,1
0,0,0.4,0.4,31,0.0,0.0,0
1,0,1.1,1.1,19,0.06,0.06,1
3,1,2.9,2.1,54,0.14,0.2,2
4,0,1.3,1.3,43,0.19,0.25,3
0,0,0.6,0.6,77,0.0,0.0,0
0,0,0.3,0.3,49,0.0,0.0,0
0,0,0.5,0.5,49,0.0,0.0,0
2,0,1.2,1.2,12,0.09,0.18,1
0,0,0.4,0.4,34,0.0,0.0,0
1,0,1.2,1.2,80,0.0,0.09,0
1,0,0.9,0.9,41,0.1,0.1,1
0,0,0.4,0.4,21,0.0,0.0,0
3,0,3.4,3.4,36,0.46,0.46,3
1,0,0.4,0.4,8,0.23,0.23,1
0,0,0.0,0.0,0,0.0,0.0,0
0,0,0.0,0.0,5,0.0,0.0,0
0,0,0.0,0.0,2,0.0,0.0,0
0,0,0.1,0.1,0,0.0,0.0,0
0,0,0.0,0.0,0,0.0,0.0,0
0,0,0.0,0.0,0,0.0,0.0,0
3,0,0.7,0.7,46,0.0,0.08,0
1,0,2.0,2.0,10,0.03,0.03,1
5,0,2.6,2.6,71,0.08,0.19,2
1,0,1.2,1.2,116,0.0,0.04,0
13,1,7.6,6.8,98,0.42,0.46,12
0,0,0.0,0.0,0,0.0,0.0,0
5,0,0.9,0.9,103,0.04,0.22,1
5,0,2.8,2.8,86,0.14,0.24,3
1,0,0.9,0.9,19,0.05,0.05,1
3,0,0.8,0.8,6,0.05,0.16,1
2,0,1.2,1.2,44,0.07,0.13,1
3,0,1.0,1.0,76,0.06,0.19,1
1,0,1.3,1.3,77,0.0,0.07,0
2,0,1.5,1.5,7,0.16,0.16,2
0,0,0.0,0.0,0,0.0,0.0,0
1,0,0.1,0.0,3,0.1,0.1,1
1,0,0.4,0.4,3,0.12,0.12,1
3,0,2.9,2.9,77,0.17,0.25,2
1,0,0.4,0.4,23,0.1,0.1,1
0,0,0.8,0.8,19,0.0,0.0,0
3,0,0.6,0.6,16,0.23,0.7,1
0,0,0.0,0.0,2,0.0,0.0,0
0,0,0.0,0.0,0,0.0,0.0,0
0,0,0.1,0.1,7,0.0,0.0,0
0,0,0.0,0.0,0,0.0,0.0,0
0,0,0.0,0.0,0,0.0,0.0,0
2,0,1.6,1.6,29,0.06,0.06,2
8,0,0.9,0.9,108,0.0,0.23,0
3,0,2.4,2.4,12,0.09,0.09,3
11,1,7.7,7.0,132,0.32,0.35,10
0,0,0.0,0.0,0,0.0,0.0,0
3,0,2.1,2.1,10,0.13,0.13,3
2,0,0.1,0.1,43,0.0,0.09,0
1,0,2.8,2.8,76,0.0,0.05,0
6,0,3.1,3.1,100,0.16,0.32,3
1,0,1.0,1.0,14,0.06,0.06,1
0,0,1.2,1.2,3,0.0,0.0,0
1,0,0.4,0.4,27,0.06,0.06,1
0,0,0.2,0.2,9,0.0,0.0,0
2,1,2.4,1.4,49,0.11,0.21,1
2,0,1.3,1.3,2,0.25,0.25,2
0,0,0.0,0.0,0,0.0,0.0,0
2,0,0.2,0.2,10,0.0,0.47,0
4,0,2.8,2.8,42,0.16,0.65,1
0,0,0.0,0.0,0,0.0,0.0,0
0,0,0.0,0.0,4,0.0,0.0,0
0,0,1.1,1.1,7,0.0,0.0,0
0,0,0.0,0.0,0,0.0,0.0,0
0,0,0.1,0.1,2,0.0,0.0,0
1,0,0.0,0.0,2,0.0,1.01,0
0,0,0.0,0.0,0,0.0,0.0,0
0,0,0.0,0.0,2,0.0,0.0,0
0,0,0.0,0.0,0,0.0,0.0,0
2,0,0.7,0.7,3,0.06,0.06,2
4,0,1.0,1.0,26,0.04,0.15,1
1,0,1.6,1.6,77,0.0,0.04,0
5,0,3.2,3.2,103,0.19,0.24,4
1,0,0.8,0.8,83,0.05,0.05,1
0,0,0.6,0.6,7,0.0,0.0,0
7,1,5.3,4.5,85,0.3,0.36,6
2,0,0.2,0.2,13,0.0,0.11,0
3,0,1.9,1.9,35,0.13,0.2,2
0,0,0.3,0.3,1,0.0,0.0,0
6,0,6.6,6.6,83,0.33,0.39,5
1,0,1.1,1.1,7,0.08,0.08,1
0,0,0.1,0.1,8,0.0,0.0,0
2,0,1.0,1.0,27,0.1,0.21,1
0,0,0.4,0.4,15,0.0,0.0,0
1,0,0.8,0.8,22,0.15,0.15,1
0,0,0.1,0.1,12,0.0,0.0,0
3,0,2.2,2.2,34,0.19,0.58,1
0,0,0.0,0.0,4,0.0,0.0,0
0,0,0.2,0.2,13,0.0,0.0,0
0,0,0.0,0.0,0,0.0,0.0,0
0,0,0.0,0.0,5,0.0,0.0,0
0,0,0.0,0.0,0,0.0,0.0,0
0,0,0.0,0.0,0,0.0,0.0,0
11,1,12.7,12.0,165,0.26,0.29,10
4,0,2.2,2.2,11,0.03,0.11,1
2,0,0.9,0.9,82,0.06,0.06,2
1,0,2.3,2.3,9,0.04,0.04,1
7,0,0.3,0.3,113,0.0,0.23,0
2,0,1.1,1.1,61,0.04,0.07,1
3,0,0.3,0.3,14,0.0,0.13,0
0,0,0.0,0.0,0,0.0,0.0,0
3,0,1.7,1.7,36,0.13,0.19,2
5,2,2.4,0.8,29,0.06,0.19,3
0,0,0.0,0.0,0,0.0,0.0,0
2,0,0.9,0.9,19,0.08,0.17,1
1,0,0.5,0.5,1,0.08,0.08,1
3,0,0.6,0.6,75,0.0,0.29,0
6,0,4.9,4.9,82,0.18,0.54,2
0,0,0.1,0.1,7,0.0,0.0,0
0,0,0.0,0.0,0,0.0,0.0,0
0,0,0.5,0.5,26,0.0,0.0,0
0,0,0.2,0.2,0,0.0,0.0,0
0,0,0.0,0.0,0,0.0,0.0,0
0,0,0.0,0.0,0,0.0,0.0,0
0,0,0.0,0.0,0,0.0,0.0,0
4,0,3.1,3.1,67,0.12,0.12,4
8,1,1.8,1.0,109,0.03,0.22,2
4,0,2.0,2.0,31,0.12,0.12,4
10,3,9.4,7.1,163,0.14,0.28,6
2,0,0.1,0.1,5,0.0,0.1,0
1,0,0.4,0.4,1,0.0,0.04,0
1,0,0.2,0.2,3,0.06,0.06,1
2,0,1.3,1.3,20,0.06,0.12,1
6,3,2.8,0.5,40,0.0,0.2,3
1,0,0.1,0.1,5,0.08,0.08,1
1,0,0.1,0.1,23,0.0,0.08,0
0,0,0.1,0.1,0,0.0,0.0,0
4,0,3.3,3.3,37,0.37,0.49,3
0,0,0.1,0.1,4,0.0,0.0,0
0,0,0.3,0.3,0,0.0,0.0,0
3,0,0.6,0.6,28,0.2,0.6,1
5,0,1.3,1.3,21,1.07,1.07,5
1,0,0.3,0.3,6,0.34,0.34,1
0,0,0.0,0.0,0,0.0,0.0,0
0,0,1.2,1.2,35,0.0,0.0,0
0,0,0.0,0.0,0,0.0,0.0,0
0,0,0.4,0.4,2,0.0,0.0,0
3,0,1.3,1.3,16,0.33,1.0,1
0,0,0.2,0.2,0,0.0,0.0,0
2,0,1.2,1.2,5,0.05,0.05,2
0,0,0.0,0.0,0,0.0,0.0,0
16,3,12.1,9.7,149,0.26,0.41,11
2,0,0.3,0.3,110,0.0,0.07,0
1,0,0.3,0.3,45,0.0,0.04,0
1,0,0.8,0.8,49,0.03,0.03,1
1,0,1.1,1.1,5,0.0,0.04,0
6,0,3.1,3.1,85,0.19,0.28,4
2,0,0.6,0.6,7,0.05,0.1,1
0,0,0.2,0.2,13,0.0,0.0,0
0,0,0.1,0.1,3,0.0,0.0,0
0,0,0.5,0.5,32,0.0,0.0,0
4,0,1.2,1.2,58,0.0,0.31,0
1,0,0.7,0.7,17,0.0,0.13,0
1,1,1.5,0.7,32,0.0,0.0,1
0,0,0.1,0.1,16,0.0,0.0,0
0,0,0.3,0.3,8,0.0,0.0,0
0,0,0.6,0.6,13,0.0,0.0,0
0,0,0.2,0.2,4,0.0,0.0,0
0,0,0.0,0.0,0,0.0,0.0,0
0,0,0.0,0.0,0,0.0,0.0,0
0,0,0.0,0.0,9,0.0,0.0,0
0,0,0.0,0.0,1,0.0,0.0,0
0,0,0.2,0.2,5,0.0,0.0,0
0,0,0.1,0.1,4,0.0,0.0,0
0,0,0.0,0.0,0,0.0,0.0,0
0,0,0.0,0.0,0,0.0,0.0,0
1,0,0.8,0.8,10,0.03,0.03,1
1,0,0.3,0.3,9,0.0,0.04,0
0,0,0.3,0.3,1,0.0,0.0,0
4,0,0.7,0.7,54,0.0,0.15,0
1,0,1.0,1.0,24,0.04,0.04,1
6,0,2.6,2.6,97,0.08,0.24,2
1,0,0.9,0.9,37,0.0,0.06,0
5,0,3.1,3.1,88,0.26,0.33,4
5,0,0.9,0.9,35,0.16,0.4,2
0,0,0.6,0.6,3,0.0,0.0,0
0,0,0.8,0.8,32,0.0,0.0,0
1,0,0.6,0.6,7,0.12,0.12,1
0,0,0.0,0.0,0,0.0,0.0,0
3,0,0.3,0.3,28,0.65,0.65,3
0,0,0.0,0.0,2,0.0,0.0,0
0,0,0.0,0.0,3,0.0,0.0,0
0,0,0.0,0.0,0,0.0,0.0,0
0,0,0.1,0.1,19,0.0,0.0,0
0,0,0.1,0.1,3,0.0,0.0,0
0,0,0.1,0.1,3,0.0,0.0,0
0,0,0.0,0.0,0,0.0,0.0,0
0,0,0.5,0.5,6,0.0,0.0,0
0,0,0.0,0.0,1,0.0,0.0,0
0,0,0.0,0.0,0,0.0,0.0,0
0,0,0.0,0.0,0,0.0,0.0,0
1,0,1.8,1.8,15,0.03,0.03,1
6,0,2.4,2.4,22,0.13,0.19,4
2,0,2.4,2.4,135,0.07,0.07,2
6,4,7.5,4.3,72,0.17,0.17,6
3,0,1.0,1.0,85,0.05,0.16,1
2,0,1.1,1.1,3,0.06,0.12,1
2,0,1.9,1.9,70,0.06,0.12,1
0,0,0.0,0.0,0,0.0,0.0,0
0,0,0.0,0.0,0,0.0,0.0,0
1,0,0.2,0.2,5,0.07,0.07,1
2,0,1.2,1.2,47,0.07,0.13,1
1,0,0.9,0.9,31,0.08,0.08,1
0,0,0.0,0.0,4,0.0,0.0,0
1,0,0.3,0.3,1,0.08,0.08,1
1,0,0.3,0.3,25,0.0,0.09,0
0,0,0.8,0.8,12,0.0,0.0,0
0,0,1.0,1.0,29,0.0,0.0,0
0,0,0.2,0.2,5,0.0,0.0,0
0,0,0.0,0.0,0,0.0,0.0,0
2,0,0.3,0.3,18,0.13,0.26,1
3,1,2.4,1.6,52,0.12,0.24,2
2,0,1.4,1.4,30,0.37,0.37,2
0,0,0.3,0.3,1,0.0,0.0,0
0,0,0.6,0.6,27,0.0,0.0,0
0,0,0.0,0.0,11,0.0,0.0,0
0,0,0.1,0.1,5,0.0,0.0,0
0,0,0.0,0.0,5,0.0,0.0,0
0,0,0.1,0.1,6,0.0,0.0,0
0,0,0.0,0.0,4,0.0,0.0,0
0,0,0.0,0.0,6,0.0,0.0,0
6,0,0.9,0.9,132,0.06,0.19,2
4,0,1.2,1.2,107,0.03,0.14,1
0,0,0.0,0.0,0,0.0,0.0,0
1,0,1.3,1.3,24,0.03,0.03,1
2,0,0.4,0.4,12,0.04,0.07,1
1,0,0.3,0.3,32,0.0,0.04,0
0,0,0.2,0.2,1,0.0,0.0,0
0,0,0.4,0.4,21,0.0,0.0,0
5,2,4.2,2.6,104,0.05,0.16,3
3,0,4.8,4.8,66,0.21,0.21,3
5,0,2.9,2.9,30,0.28,0.35,4
2,0,0.8,0.8,52,0.08,0.16,1
1,0,0.5,0.5,16,0.0,0.08,0
0,0,0.3,0.3,22,0.0,0.0,0
0,0,0.3,0.3,4,0.0,0.0,0
0,0,0.2,0.2,20,0.0,0.0,0
0,0,0.0,0.0,0,0.0,0.0,0
2,0,1.1,1.1,29,0.28,0.28,2
0,0,0.3,0.3,28,0.0,0.0,0
0,0,0.1,0.1,14,0.0,0.0,0
0,0,0.0,0.0,2,0.0,0.0,0
1,0,0.8,0.8,8,0.0,0.23,0
0,0,0.4,0.4,21,0.0,0.0,0
0,0,0.3,0.3,30,0.0,0.0,0
0,0,0.1,0.1,2,0.0,0.0,0
0,0,0.0,0.0,1,0.0,0.0,0
0,0,0.2,0.2,17,0.0,0.0,0
1,1,0.9,0.2,8,0.0,0.0,1
0,0,0.2,0.2,18,0.0,0.0,0
1,0,0.0,0.0,10,0.0,0.49,0
0,0,0.0,0.0,3,0.0,0.0,0
0,0,0.0,0.0,0,0.0,0.0,0
0,0,0.0,0.0,0,0.0,0.0,0
6,0,3.3,3.3,43,0.07,0.2,2
13,0,7.3,7.3,174,0.33,0.47,9
4,0,1.5,1.5,100,0.04,0.15,1
0,0,0.9,0.9,5,0.0,0.0,0
4,0,2.1,2.1,169,0.06,0.23,1
4,0,1.0,1.0,28,0.17,0.23,3
0,0,0.9,0.9,11,0.0,0.0,0
8,0,4.1,4.1,81,0.35,0.69,4
4,0,1.5,1.5,87,0.19,0.39,2
0,0,0.2,0.2,8,0.0,0.0,0
2,0,0.1,0.1,8,0.0,0.28,0
6,0,0.8,0.8,34,0.35,1.04,2
4,1,6.0,5.2,41,0.31,0.47,3
3,0,0.6,0.6,40,0.13,0.4,1
1,0,0.6,0.6,25,0.23,0.23,1
0,0,0.3,0.3,10,0.0,0.0,0
1,0,0.9,0.9,46,0.0,0.29,0
0,0,0.0,0.0,0,0.0,0.0,0
0,0,0.0,0.0,8,0.0,0.0,0
0,0,0.5,0.5,6,0.0,0.0,0
0,0,0.0,0.0,0,0.0,0.0,0
0,0,0.0,0.0,0,0.0,0.0,0
0,0,0.0,0.0,0,0.0,0.0,0
0,0,0.0,0.0,0,0.0,0.0,0
4,0,1.5,1.5,2,0.15,0.15,4
9,0,8.9,8.9,193,0.24,0.36,6
9,0,2.3,2.3,46,0.09,0.39,2
10,2,5.2,3.6,36,0.17,0.34,6
3,0,1.9,1.9,27,0.04,0.13,1
4,0,2.2,2.2,151,0.04,0.17,1
9,2,5.5,4.1,170,0.21,0.36,6
0,0,0.0,0.0,0,0.0,0.0,0
0,0,0.1,0.1,10,0.0,0.0,0
15,2,11.3,9.7,110,0.88,1.03,13
0,0,0.0,0.0,0,0.0,0.0,0
3,0,2.3,2.3,72,0.23,0.23,3
1,0,0.5,0.5,11,0.0,0.09,0
1,0,0.8,0.8,3,0.09,0.09,1
1,0,1.2,1.2,41,0.16,0.16,1
4,0,4.8,4.8,73,0.59,0.59,4
5,0,5.1,5.1,58,0.38,0.63,3
2,0,0.5,0.5,5,0.23,0.47,1
0,0,0.0,0.0,17,0.0,0.0,0
0,0,0.0,0.0,5,0.0,0.0,0
0,0,0.0,0.0,3,0.0,0.0,0
0,0,0.1,0.1,1,0.0,0.0,0
0,0,0.0,0.0,0,0.0,0.0,0
5,0,2.7,2.7,75,0.07,0.18,2
0,0,0.7,0.7,10,0.0,0.0,0
3,0,0.9,0.9,9,0.14,0.14,3
0,0,0.5,0.5,8,0.0,0.0,0
4,1,3.8,3.0,25,0.1,0.15,3
15,4,11.7,8.6,131,0.34,0.54,11
3,0,2.4,2.4,36,0.08,0.24,1
3,0,2.3,2.3,75,0.09,0.26,1
6,1,2.7,1.9,93,0.16,0.41,3
0,0,0.9,0.9,11,0.0,0.0,0
0,0,0.0,0.0,5,0.0,0.0,0
10,0,6.0,6.0,70,0.51,0.85,6
0,0,0.6,0.6,15,0.0,0.0,0
3,0,1.5,1.5,17,1.15,1.15,3
0,0,0.2,0.2,9,0.0,0.0,0
0,0,0.0,0.0,10,0.0,0.0,0
1,0,2.3,2.3,4,1.55,1.55,1
0,0,0.0,0.0,0,0.0,0.0,0
0,0,0.3,0.3,4,0.0,0.0,0
0,0,0.0,0.0,2,0.0,0.0,0
0,0,0.0,0.0,1,0.0,0.0,0
0,0,0.0,0.0,1,0.0,0.0,0
0,0,0.0,0.0,1,0.0,0.0,0
0,0,0.0,0.0,0,0.0,0.0,0
5,0,2.3,2.3,3,0.13,0.16,4
2,0,1.6,1.6,8,0.03,0.07,1
3,0,1.4,1.4,72,0.0,0.1,0
21,7,16.2,10.7,184,0.35,0.53,16
2,0,1.9,1.9,148,0.09,0.09,2
8,0,3.8,3.8,143,0.26,0.41,5
2,0,0.7,0.7,115,0.1,0.1,2
0,0,0.3,0.3,21,0.0,0.0,0
0,0,0.5,0.5,28,0.0,0.0,0
1,0,0.8,0.8,43,0.0,0.08,0
1,0,0.1,0.1,26,0.0,0.08,0
1,0,0.7,0.7,51,0.0,0.1,0
2,1,1.7,0.9,47,0.12,0.24,1
4,2,5.0,3.4,38,0.28,0.42,3
0,0,0.4,0.4,43,0.0,0.0,0
3,0,2.2,2.2,20,0.58,0.87,2
1,0,0.7,0.7,5,0.27,0.27,1
0,0,1.1,1.1,32,0.0,0.0,0
0,0,0.1,0.1,1,0.0,0.0,0
0,0,0.0,0.0,0,0.0,0.0,0
0,0,0.0,0.0,0,0.0,0.0,0
0,0,0.0,0.0,0,0.0,0.0,0
0,0,0.1,0.1,5,0.0,0.0,0
4,0,0.2,0.2,23,0.0,0.15,0
11,0,5.3,5.3,133,0.27,0.43,7
1,0,0.1,0.1,15,0.0,0.04,0
17,6,16.3,11.7,159,0.44,0.53,15
4,0,3.0,3.0,81,0.14,0.19,3
5,0,2.9,2.9,110,0.05,0.23,1
2,0,1.9,1.9,60,0.12,0.12,2
1,0,2.1,2.1,0,0.06,0.06,1
9,0,3.8,3.8,205,0.28,0.51,5
17,4,10.3,7.0,140,0.5,0.87,11
1,0,1.0,1.0,27,0.07,0.07,1
2,0,0.6,0.6,55,0.08,0.17,1
0,0,0.3,0.3,71,0.0,0.0,0
5,0,2.0,2.0,50,0.09,0.47,1
0,0,0.7,0.7,15,0.0,0.0,0
0,0,0.0,0.0,0,0.0,0.0,0
0,0,0.1,0.1,9,0.0,0.0,0
0,0,0.1,0.1,3,0.0,0.0,0
0,0,0.1,0.1,2,0.0,0.0,0
0,0,0.0,0.0,1,0.0,0.0,0
0,0,0.0,0.0,0,0.0,0.0,0
0,0,0.0,0.0,0,0.0,0.0,0
0,0,0.0,0.0,0,0.0,0.0,0
0,0,0.0,0.0,0,0.0,0.0,0
0,0,0.0,0.0,0,0.0,0.0,0
13,0,5.1,5.1,26,0.32,0.41,10
0,0,0.0,0.0,0,0.0,0.0,0
3,0,0.8,0.8,54,0.03,0.1,1
14,0,4.7,4.7,249,0.22,0.5,6
1,0,0.8,0.8,1,0.0,0.04,0
9,2,3.3,1.8,114,0.08,0.27,4
17,0,17.0,17.0,104,0.55,0.67,14
10,0,6.5,6.5,127,0.26,0.43,6
7,0,3.5,3.5,90,0.2,0.35,4
2,0,0.5,0.5,55,0.0,0.16,0
1,0,0.3,0.3,2,0.0,0.09,0
1,0,0.4,0.4,3,0.09,0.09,1
0,0,0.0,0.0,0,0.0,0.0,0
0,0,0.0,0.0,0,0.0,0.0,0
0,0,0.0,0.0,2,0.0,0.0,0
0,0,0.0,0.0,2,0.0,0.0,0
10,0,5.9,5.9,138,0.1,0.34,3
1,0,1.8,1.8,42,0.0,0.04,0
3,0,2.9,2.9,94,0.04,0.12,1
0,0,0.8,0.8,4,0.0,0.0,0
9,3,4.0,1.6,29,0.28,0.34,8
7,0,8.6,8.6,118,0.37,0.43,6
6,2,2.3,0.7,95,0.13,0.26,4
0,0,0.3,0.3,1,0.0,0.0,0
0,0,0.0,0.0,0,0.0,0.0,0
0,0,0.0,0.0,0,0.0,0.0,0
0,0,0.5,0.5,1,0.0,0.0,0
4,0,4.8,4.8,68,0.41,0.41,4
2,0,2.4,2.4,113,0.09,0.17,1
0,0,0.2,0.2,6,0.0,0.0,0
3,0,3.2,3.2,53,0.3,0.3,3
0,0,0.1,0.1,1,0.0,0.0,0
1,0,0.2,0.2,3,0.0,0.15,0
0,0,0.0,0.0,0,0.0,0.0,0
0,0,1.2,1.2,20,0.0,0.0,0
1,0,0.6,0.6,2,0.22,0.22,1
0,0,0.0,0.0,1,0.0,0.0,0
0,0,0.0,0.0,0,0.0,0.0,0
0,0,0.0,0.0,0,0.0,0.0,0
8,0,4.1,4.1,112,0.17,0.27,5
5,3,3.0,0.6,91,0.0,0.07,3
15,1,10.4,9.6,124,0.47,0.54,13
1,0,0.8,0.8,5,0.04,0.04,1
1,0,0.8,0.8,20,0.04,0.04,1
0,0,0.3,0.3,76,0.0,0.0,0
1,0,1.0,1.0,4,0.05,0.05,1
4,0,1.3,1.3,36,0.12,0.24,2
1,0,0.4,0.4,1,0.0,0.07,0
10,4,4.7,1.5,106,0.21,0.5,6
5,0,2.7,2.7,54,0.2,0.34,3
5,0,3.0,3.0,100,0.16,0.39,2
1,0,0.4,0.4,3,0.0,0.08,0
5,1,2.6,1.8,49,0.2,0.4,3
0,0,0.3,0.3,21,0.0,0.0,0
0,0,0.3,0.3,19,0.0,0.0,0
1,0,0.4,0.4,9,0.18,0.18,1
0,0,0.2,0.2,0,0.0,0.0,0
2,0,0.6,0.6,40,0.25,0.5,1
0,0,0.0,0.0,0,0.0,0.0,0
1,0,0.1,0.1,12,0.74,0.74,1
0,0,0.2,0.2,7,0.0,0.0,0
0,0,0.0,0.0,2,0.0,0.0,0
0,0,0.0,0.0,1,0.0,0.0,0
0,0,0.0,0.0,0,0.0,0.0,0
0,0,0.0,0.0,0,0.0,0.0,0
4,0,1.0,1.0,46,0.03,0.13,1
4,0,3.3,3.3,13,0.1,0.14,3
1,0,0.0,0.0,0,0.0,0.04,0
2,0,1.4,1.4,5,0.04,0.07,1
6,2,4.2,2.7,27,0.11,0.15,5
9,0,5.4,5.4,189,0.19,0.35,5
3,0,0.4,0.4,50,0.0,0.13,0
6,0,0.8,0.8,118,0.0,0.25,0
9,2,10.2,8.6,164,0.28,0.38,7
6,0,3.9,3.9,122,0.3,0.46,4
1,0,0.4,0.4,2,0.0,0.14,0
0,0,0.1,0.1,9,0.0,0.0,0
0,0,0.0,0.0,0,0.0,0.0,0
1,0,0.3,0.3,29,0.0,0.2,0
0,0,0.3,0.3,7,0.0,0.0,0
1,0,0.1,0.1,1,0.0,0.44,0
0,0,0.2,0.2,9,0.0,0.0,0
2,0,1.3,1.3,17,1.05,1.05,2
0,0,0.0,0.0,1,0.0,0.0,0
0,0,0.0,0.0,0,0.0,0.0,0
0,0,0.0,0.0,0,0.0,0.0,0
0,0,0.0,0.0,0,0.0,0.0,0
2,0,0.0,0.0,0,0.0,0.06,0
21,0,6.1,6.1,125,0.33,0.7,10
6,4,5.2,2.0,3,0.1,0.1,6
1,0,0.3,0.3,24,0.0,0.04,0
4,0,0.4,0.4,33,0.04,0.15,1
1,0,0.2,0.2,101,0.0,0.04,0
3,0,0.5,0.5,128,0.04,0.13,1
12,0,7.9,7.9,146,0.43,0.52,10
5,0,1.1,1.1,8,0.14,0.23,3
1,0,1.0,1.0,2,0.05,0.05,1
0,0,1.5,1.5,50,0.0,0.0,0
0,0,0.4,0.4,13,0.0,0.0,0
3,0,3.0,3.0,42,0.19,0.29,2
1,0,0.6,0.6,61,0.0,0.09,0
5,0,4.0,4.0,74,0.38,0.47,4
1,0,0.8,0.8,12,0.12,0.12,1
0,0,0.1,0.1,6,0.0,0.0,0
2,0,1.9,1.9,30,0.31,0.31,2
0,0,0.1,0.1,11,0.0,0.0,0
0,0,0.0,0.0,0,0.0,0.0,0
0,0,0.0,0.0,1,0.0,0.0,0
0,0,0.0,0.0,1,0.0,0.0,0
0,0,0.0,0.0,3,0.0,0.0,0
0,0,0.0,0.0,4,0.0,0.0,0
0,0,0.0,0.0,0,0.0,0.0,0
0,0,0.0,0.0,2,0.0,0.0,0
0,0,0.0,0.0,1,0.0,0.0,0
14,0,5.0,5.0,184,0.24,0.55,6
4,0,1.2,1.2,26,0.04,0.17,1
0,0,0.4,0.4,63,0.0,0.0,0
0,0,0.0,0.0,0,0.0,0.0,0
0,0,0.0,0.0,1,0.0,0.0,0
0,0,1.3,1.3,2,0.0,0.0,0
2,0,1.5,1.5,11,0.07,0.15,1
1,0,0.7,0.7,1,0.07,0.07,1
1,0,0.9,0.9,15,0.0,0.08,0
1,0,0.4,0.4,14,0.08,0.08,1
5,0,3.5,3.5,63,0.26,0.43,3
0,0,0.5,0.5,0,0.0,0.0,0
1,0,0.8,0.8,4,0.0,0.1,0
0,0,0.1,0.1,17,0.0,0.0,0
2,0,1.8,1.8,38,0.11,0.21,1
3,0,1.5,1.5,58,0.22,0.33,2
1,0,0.2,0.2,22,0.0,0.14,0
0,0,0.4,0.4,4,0.0,0.0,0
2,0,2.5,2.5,37,0.33,0.33,2
1,0,0.1,0.1,9,0.0,0.19,0
3,0,0.2,0.2,16,0.38,0.58,2
2,0,1.5,1.5,55,0.42,0.42,2
2,0,0.3,0.3,32,0.0,0.6,0
3,0,1.3,1.3,47,0.71,0.71,3
0,0,0.1,0.1,3,0.0,0.0,0
1,0,0.2,0.2,4,1.13,1.13,1
1,0,0.1,0.1,4,1.43,1.43,1
0,0,0.0,0.0,1,0.0,0.0,0
0,0,0.0,0.0,0,0.0,0.0,0
0,0,0.0,0.0,0,0.0,0.0,0
11,1,8.5,7.7,169,0.26,0.33,9
2,0,0.5,0.5,25,0.0,0.08,0
6,0,3.4,3.4,34,0.16,0.23,4
1,0,1.0,1.0,77,0.04,0.04,1
3,0,1.4,1.4,62,0.09,0.13,2
2,0,0.4,0.4,5,0.0,0.09,0
0,0,0.0,0.0,0,0.0,0.0,0
0,0,0.3,0.3,0,0.0,0.0,0
0,0,0.0,0.0,0,0.0,0.0,0
5,0,5.5,5.5,50,0.36,0.36,5
1,0,0.1,0.1,40,0.0,0.09,0
1,0,0.6,0.6,0,0.11,0.11,1
3,0,1.5,1.5,14,0.22,0.33,2
0,0,0.3,0.3,8,0.0,0.0,0
3,0,1.7,1.7,27,0.18,0.53,1
0,0,0.0,0.0,0,0.0,0.0,0
0,0,0.0,0.0,31,0.0,0.0,0
0,0,0.3,0.3,12,0.0,0.0,0
2,0,1.0,1.0,2,0.4,0.8,1
0,0,0.5,0.5,1,0.0,0.0,0
1,0,1.1,1.1,22,0.53,0.53,1
0,0,0.1,0.1,15,0.0,0.0,0
0,0,0.0,0.0,0,0.0,0.0,0
1,0,0.6,0.6,13,0.0,0.03,0
0,0,0.0,0.0,0,0.0,0.0,0
7,4,6.4,3.2,111,0.1,0.13,6
3,0,0.9,0.9,108,0.03,0.1,1
2,0,1.8,1.8,16,0.09,0.09,2
1,0,0.0,0.0,79,0.0,0.04,0
4,0,4.2,4.2,99,0.05,0.21,1
5,0,3.6,3.6,113,0.1,0.24,2
1,0,0.1,0.1,15,0.0,0.05,0
9,0,5.1,5.1,68,0.5,0.5,9
2,0,0.8,0.8,31,0.06,0.12,1
0,0,0.1,0.1,3,0.0,0.0,0
1,0,0.7,0.7,0,0.07,0.07,1
4,1,5.7,4.9,50,0.19,0.29,3
3,1,3.1,2.3,35,0.34,0.34,3
0,0,0.0,0.0,5,0.0,0.0,0
0,0,0.2,0.2,17,0.0,0.0,0
0,0,0.7,0.7,16,0.0,0.0,0
0,0,0.1,0.1,7,0.0,0.0,0
0,0,0.0,0.0,0,0.0,0.0,0
0,0,0.1,0.1,0,0.0,0.0,0
0,0,0.0,0.0,0,0.0,0.0,0
0,0,0.0,0.0,0,0.0,0.0,0
0,0,0.0,0.0,1,0.0,0.0,0
0,0,0.0,0.0,2,0.0,0.0,0
0,0,0.1,0.1,1,0.0,0.0,0
3,0,1.2,1.2,7,0.07,0.1,2
11,9,9.4,2.2,28,0.08,0.12,10
0,0,1.3,1.3,4,0.0,0.0,0
2,0,2.5,2.5,85,0.09,0.09,2
0,0,0.0,0.0,0,0.0,0.0,0
0,0,0.0,0.0,0,0.0,0.0,0
3,0,1.0,1.0,3,0.22,0.22,3
5,0,4.3,4.3,43,0.25,0.31,4
1,0,1.3,1.3,44,0.08,0.08,1
0,0,0.1,0.1,34,0.0,0.0,0
1,0,1.7,1.7,30,0.08,0.08,1
3,0,1.3,1.3,15,0.09,0.28,1
4,1,4.9,4.2,20,0.21,0.32,3
2,0,0.6,0.6,85,0.0,0.19,0
0,0,0.8,0.8,1,0.0,0.0,0
1,0,0.4,0.4,6,0.0,0.15,0
1,0,0.2,0.2,9,0.16,0.16,1
0,0,1.3,1.3,19,0.0,0.0,0
0,0,0.0,0.0,5,0.0,0.0,0
0,0,0.2,0.2,2,0.0,0.0,0
0,0,0.0,0.0,0,0.0,0.0,0
0,0,0.0,0.0,0,0.0,0.0,0
0,0,0.0,0.0,0,0.0,0.0,0
0,0,0.1,0.1,0,0.0,0.0,0
1,0,2.5,2.5,38,0.03,0.03,1
5,0,1.5,1.5,97,0.07,0.18,2
1,0,0.6,0.6,3,0.0,0.04,0
1,0,0.3,0.3,64,0.0,0.05,0
1,0,1.0,1.0,1,0.05,0.05,1
5,1,5.5,4.7,93,0.22,0.28,4
6,0,4.0,4.0,48,0.21,0.32,4
0,0,0.5,0.5,12,0.0,0.0,0
0,0,0.5,0.5,0,0.0,0.0,0
0,0,0.1,0.1,40,0.0,0.0,0
1,1,1.4,0.6,34,0.0,0.0,1
2,0,0.6,0.6,29,0.14,0.28,1
1,0,0.9,0.9,7,0.24,0.24,1
0,0,0.2,0.2,9,0.0,0.0,0
1,0,0.5,0.5,16,0.0,0.23,0
0,0,0.7,0.7,28,0.0,0.0,0
0,0,0.1,0.1,2,0.0,0.0,0
0,0,1.3,1.3,9,0.0,0.0,0
0,0,0.0,0.0,0,0.0,0.0,0
0,0,0.0,0.0,1,0.0,0.0,0
0,0,0.2,0.2,3,0.0,0.0,0
0,0,0.0,0.0,7,0.0,0.0,0
0,0,0.0,0.0,1,0.0,0.0,0
0,0,0.0,0.0,2,0.0,0.0,0
0,0,0.0,0.0,0,0.0,0.0,0
0,0,0.0,0.0,1,0.0,0.0,0
0,0,0.0,0.0,0,0.0,0.0,0
3,0,0.6,0.6,100,0.0,0.1,0
1,0,0.7,0.7,21,0.03,0.03,1
3,0,0.7,0.7,2,0.04,0.12,1
16,0,7.0,7.0,149,0.57,0.76,12
1,0,0.2,0.2,110,0.0,0.04,0
1,0,0.8,0.8,1,0.04,0.04,1
1,0,0.6,0.6,54,0.05,0.05,1
6,0,0.6,0.6,44,0.14,0.43,2
8,1,4.5,3.7,135,0.42,0.68,5
1,0,1.1,1.1,31,0.0,0.09,0
1,0,1.3,1.3,51,0.0,0.09,0
0,0,0.2,0.2,3,0.0,0.0,0
0,0,0.3,0.3,40,0.0,0.0,0
0,0,0.5,0.5,17,0.0,0.0,0
0,0,0.1,0.1,0,0.0,0.0,0
1,0,1.5,1.5,51,0.12,0.12,1
4,1,4.3,3.5,36,0.22,0.33,3
0,0,0.0,0.0,17,0.0,0.0,0
0,0,0.0,0.0,5,0.0,0.0,0
0,0,0.4,0.4,16,0.0,0.0,0
0,0,0.0,0.0,5,0.0,0.0,0
0,0,0.0,0.0,0,0.0,0.0,0
0,0,0.0,0.0,1,0.0,0.0,0
0,0,0.0,0.0,0,0.0,0.0,0
0,0,0.0,0.0,0,0.0,0.0,0
0,0,0.0,0.0,0,0.0,0.0,0
7,2,3.8,2.3,108,0.0,0.19,2
2,0,0.7,0.7,3,0.08,0.08,2
1,0,1.3,1.3,35,0.05,0.05,1
0,0,0.1,0.1,95,0.0,0.0,0
0,0,0.3,0.3,3,0.0,0.0,0
2,0,0.4,0.4,42,0.0,0.1,0
1,0,1.0,1.0,38,0.05,0.05,1
1,0,1.8,1.8,46,0.08,0.08,1
1,0,0.0,0.0,34,0.0,0.07,0
5,2,4.1,2.5,111,0.23,0.31,4
4,0,4.3,4.3,45,0.25,0.33,3
1,0,1.0,1.0,33,0.09,0.09,1
0,0,1.3,1.3,42,0.0,0.0,0
0,0,0.1,0.1,2,0.0,0.0,0
0,0,0.5,0.5,0,0.0,0.0,0
1,0,0.6,0.6,16,0.13,0.13,1
0,0,1.3,1.3,20,0.0,0.0,0
0,0,0.0,0.0,0,0.0,0.0,0
0,0,0.0,0.0,1,0.0,0.0,0
0,0,0.5,0.5,26,0.0,0.0,0
0,0,0.0,0.0,0,0.0,0.0,0
0,0,0.0,0.0,18,0.0,0.0,0
0,0,0.0,0.0,2,0.0,0.0,0
0,0,0.2,0.2,3,0.0,0.0,0
0,0,0.1,0.1,2,0.0,0.0,0
0,0,0.0,0.0,0,0.0,0.0,0
0,0,0.0,0.0,1,0.0,0.0,0
0,0,0.0,0.0,1,0.0,0.0,0
0,0,0.0,0.0,0,0.0,0.0,0
7,0,4.0,4.0,6,0.14,0.19,5
2,0,1.4,1.4,5,0.06,0.06,2
3,0,0.6,0.6,67,0.06,0.09,2
23,3,13.4,11.0,94,0.52,0.61,20
15,0,6.3,6.3,137,0.22,0.48,7
8,0,2.1,2.1,94,0.07,0.26,2
4,0,2.3,2.3,103,0.03,0.14,1
1,0,1.5,1.5,33,0.0,0.05,0
3,0,2.3,2.3,16,0.09,0.14,2
1,0,0.0,0.0,4,0.0,0.15,0
0,0,0.2,0.2,1,0.0,0.0,0
1,0,0.1,0.1,3,0.0,0.23,0
0,0,0.0,0.0,1,0.0,0.0,0
1,0,2.1,2.1,20,0.22,0.22,1
0,0,0.1,0.1,0,0.0,0.0,0
0,0,0.0,0.0,4,0.0,0.0,0
19,3,11.8,9.5,202,0.26,0.52,11
7,0,2.2,2.2,102,0.18,0.25,5
3,0,2.0,2.0,36,0.03,0.1,1
0,0,0.0,0.0,0,0.0,0.0,0
1,0,0.8,0.8,13,0.04,0.04,1
0,0,0.1,0.1,16,0.0,0.0,0
1,0,0.9,0.9,66,0.0,0.06,0
2,0,0.8,0.8,86,0.11,0.11,2
0,0,0.1,0.1,6,0.0,0.0,0
2,0,1.1,1.1,86,0.06,0.13,1
0,0,0.3,0.3,1,0.0,0.0,0
0,0,0.2,0.2,4,0.0,0.0,0
0,0,0.2,0.2,21,0.0,0.0,0
4,0,3.4,3.4,35,0.52,0.52,4
1,0,0.1,0.1,7,0.0,0.13,0
4,0,3.3,3.3,45,0.33,0.44,3
1,0,0.1,0.1,42,0.0,0.15,0
0,0,0.0,0.0,0,0.0,0.0,0
0,0,0.1,0.1,2,0.0,0.0,0
13,0,5.1,5.1,26,0.32,0.41,10
0,0,0.0,0.0,0,0.0,0.0,0
3,0,0.8,0.8,54,0.03,0.1,1
14,0,4.7,4.7,249,0.22,0.5,6
1,0,0.8,0.8,1,0.0,0.04,0
9,2,3.3,1.8,114,0.08,0.27,4
17,0,17.0,17.0,104,0.55,0.67,14
10,0,6.5,6.5,127,0.26,0.43,6
7,0,3.5,3.5,90,0.2,0.35,4
2,0,0.5,0.5,55,0.0,0.16,0
1,0,0.3,0.3,2,0.0,0.09,0
1,0,0.4,0.4,3,0.09,0.09,1
0,0,0.0,0.0,0,0.0,0.0,0
0,0,0.0,0.0,0,0.0,0.0,0
0,0,0.0,0.0,2,0.0,0.0,0
0,0,0.0,0.0,2,0.0,0.0,0
13,0,5.1,5.1,26,0.32,0.41,10
0,0,0.0,0.0,0,0.0,0.0,0
3,0,0.8,0.8,54,0.03,0.1,1
14,0,4.7,4.7,249,0.22,0.5,6
1,0,0.8,0.8,1,0.0,0.04,0
9,2,3.3,1.8,114,0.08,0.27,4
17,0,17.0,17.0,104,0.55,0.67,14
10,0,6.5,6.5,127,0.26,0.43,6
7,0,3.5,3.5,90,0.2,0.35,4
2,0,0.5,0.5,55,0.0,0.16,0
1,0,0.3,0.3,2,0.0,0.09,0
1,0,0.4,0.4,3,0.09,0.09,1
0,0,0.0,0.0,0,0.0,0.0,0
0,0,0.0,0.0,0,0.0,0.0,0
0,0,0.0,0.0,2,0.0,0.0,0
0,0,0.0,0.0,2,0.0,0.0,0
1,0,0.0,0.0,0,0.0,0.03,0
3,0,0.5,0.5,99,0.03,0.09,1
3,0,1.1,1.1,27,0.0,0.09,0
2,0,1.3,1.3,3,0.03,0.06,1
5,0,4.1,4.1,96,0.11,0.18,3
9,2,6.2,4.7,122,0.26,0.26,9
1,0,1.2,1.2,2,0.0,0.04,0
1,0,3.5,3.5,127,0.04,0.04,1
4,0,0.3,0.3,32,0.05,0.19,1
4,0,6.7,6.7,112,0.17,0.22,3
1,0,0.7,0.7,30,0.0,0.06,0
2,0,0.8,0.8,25,0.11,0.11,2
8,0,8.2,8.2,77,0.47,0.47,8
10,0,1.1,1.1,80,0.26,0.66,4
1,0,2.1,2.1,81,0.0,0.07,0
1,0,1.1,1.1,19,0.07,0.07,1
3,0,0.6,0.6,3,0.26,0.26,3
1,0,0.2,0.2,9,0.0,0.16,0
0,0,0.1,0.1,26,0.0,0.0,0
1,0,0.1,0.1,18,0.0,0.26,0
0,0,0.6,0.6,7,0.0,0.0,0
0,0,0.0,0.0,1,0.0,0.0,0
0,0,0.4,0.4,0,0.0,0.0,0
19,3,11.8,9.5,202,0.26,0.52,11
7,0,2.2,2.2,102,0.18,0.25,5
3,0,2.0,2.0,36,0.03,0.1,1
0,0,0.0,0.0,0,0.0,0.0,0
1,0,0.8,0.8,13,0.04,0.04,1
0,0,0.1,0.1,16,0.0,0.0,0
1,0,0.9,0.9,66,0.0,0.06,0
2,0,0.8,0.8,86,0.11,0.11,2
0,0,0.1,0.1,6,0.0,0.0,0
2,0,1.1,1.1,86,0.06,0.13,1
0,0,0.3,0.3,1,0.0,0.0,0
0,0,0.2,0.2,4,0.0,0.0,0
0,0,0.2,0.2,21,0.0,0.0,0
4,0,3.4,3.4,35,0.52,0.52,4
1,0,0.1,0.1,7,0.0,0.13,0
4,0,3.3,3.3,45,0.33,0.44,3
1,0,0.1,0.1,42,0.0,0.15,0
0,0,0.0,0.0,0,0.0,0.0,0
0,0,0.1,0.1,2,0.0,0.0,0
13,0,5.1,5.1,26,0.32,0.41,10
0,0,0.0,0.0,0,0.0,0.0,0
3,0,0.8,0.8,54,0.03,0.1,1
14,0,4.7,4.7,249,0.22,0.5,6
1,0,0.8,0.8,1,0.0,0.04,0
9,2,3.3,1.8,114,0.08,0.27,4
17,0,17.0,17.0,104,0.55,0.67,14
10,0,6.5,6.5,127,0.26,0.43,6
7,0,3.5,3.5,90,0.2,0.35,4
2,0,0.5,0.5,55,0.0,0.16,0
1,0,0.3,0.3,2,0.0,0.09,0
1,0,0.4,0.4,3,0.09,0.09,1
0,0,0.0,0.0,0,0.0,0.0,0
0,0,0.0,0.0,0,0.0,0.0,0
0,0,0.0,0.0,2,0.0,0.0,0
0,0,0.0,0.0,2,0.0,0.0,0
19,3,11.8,9.5,202,0.26,0.52,11
7,0,2.2,2.2,102,0.18,0.25,5
3,0,2.0,2.0,36,0.03,0.1,1
0,0,0.0,0.0,0,0.0,0.0,0
1,0,0.8,0.8,13,0.04,0.04,1
0,0,0.1,0.1,16,0.0,0.0,0
1,0,0.9,0.9,66,0.0,0.06,0
2,0,0.8,0.8,86,0.11,0.11,2
0,0,0.1,0.1,6,0.0,0.0,0
2,0,1.1,1.1,86,0.06,0.13,1
0,0,0.3,0.3,1,0.0,0.0,0
0,0,0.2,0.2,4,0.0,0.0,0
0,0,0.2,0.2,21,0.0,0.0,0
4,0,3.4,3.4,35,0.52,0.52,4
1,0,0.1,0.1,7,0.0,0.13,0
4,0,3.3,3.3,45,0.33,0.44,3
1,0,0.1,0.1,42,0.0,0.15,0
0,0,0.0,0.0,0,0.0,0.0,0
0,0,0.1,0.1,2,0.0,0.0,0
13,0,5.1,5.1,26,0.32,0.41,10
0,0,0.0,0.0,0,0.0,0.0,0
3,0,0.8,0.8,54,0.03,0.1,1
14,0,4.7,4.7,249,0.22,0.5,6
1,0,0.8,0.8,1,0.0,0.04,0
9,2,3.3,1.8,114,0.08,0.27,4
17,0,17.0,17.0,104,0.55,0.67,14
10,0,6.5,6.5,127,0.26,0.43,6
7,0,3.5,3.5,90,0.2,0.35,4
2,0,0.5,0.5,55,0.0,0.16,0
1,0,0.3,0.3,2,0.0,0.09,0
1,0,0.4,0.4,3,0.09,0.09,1
0,0,0.0,0.0,0,0.0,0.0,0
0,0,0.0,0.0,0,0.0,0.0,0
0,0,0.0,0.0,2,0.0,0.0,0
0,0,0.0,0.0,2,0.0,0.0,0
0,0,0.9,0.9,10,0.0,0.0,0
0,0,0.0,0.0,0,0.0,0.0,0
2,0,1.2,1.2,117,0.0,0.06,0
6,0,3.2,3.0,58,0.0,0.21,0
3,0,1.5,1.5,80,0.08,0.12,2
1,0,0.2,0.2,5,0.0,0.04,0
7,2,4.7,3.1,138,0.1,0.29,3
2,0,1.5,1.5,44,0.11,0.11,2
0,0,0.1,0.1,2,0.0,0.0,0
0,0,0.1,0.1,6,0.0,0.0,0
0,0,0.1,0.1,9,0.0,0.0,0
0,0,0.7,0.7,11,0.0,0.0,0
0,0,0.0,0.0,0,0.0,0.0,0
1,0,0.6,0.6,6,1.45,1.45,1
0,0,0.0,0.0,8,0.0,0.0,0
0,0,0.0,0.0,0,0.0,0.0,0
0,0,0.0,0.0,0,0.0,0.0,0
19,3,11.8,9.5,202,0.26,0.52,11
7,0,2.2,2.2,102,0.18,0.25,5
3,0,2.0,2.0,36,0.03,0.1,1
0,0,0.0,0.0,0,0.0,0.0,0
1,0,0.8,0.8,13,0.04,0.04,1
0,0,0.1,0.1,16,0.0,0.0,0
1,0,0.9,0.9,66,0.0,0.06,0
2,0,0.8,0.8,86,0.11,0.11,2
0,0,0.1,0.1,6,0.0,0.0,0
2,0,1.1,1.1,86,0.06,0.13,1
0,0,0.3,0.3,1,0.0,0.0,0
0,0,0.2,0.2,4,0.0,0.0,0
0,0,0.2,0.2,21,0.0,0.0,0
4,0,3.4,3.4,35,0.52,0.52,4
1,0,0.1,0.1,7,0.0,0.13,0
4,0,3.3,3.3,45,0.33,0.44,3
1,0,0.1,0.1,42,0.0,0.15,0
0,0,0.0,0.0,0,0.0,0.0,0
0,0,0.1,0.1,2,0.0,0.0,0
13,0,5.1,5.1,26,0.32,0.41,10
0,0,0.0,0.0,0,0.0,0.0,0
3,0,0.8,0.8,54,0.03,0.1,1
14,0,4.7,4.7,249,0.22,0.5,6
1,0,0.8,0.8,1,0.0,0.04,0
9,2,3.3,1.8,114,0.08,0.27,4
17,0,17.0,17.0,104,0.55,0.67,14
10,0,6.5,6.5,127,0.26,0.43,6
7,0,3.5,3.5,90,0.2,0.35,4
2,0,0.5,0.5,55,0.0,0.16,0
1,0,0.3,0.3,2,0.0,0.09,0
1,0,0.4,0.4,3,0.09,0.09,1
0,0,0.0,0.0,0,0.0,0.0,0
0,0,0.0,0.0,0,0.0,0.0,0
0,0,0.0,0.0,2,0.0,0.0,0
0,0,0.0,0.0,2,0.0,0.0,0
11,0,2.7,2.7,176,0.12,0.32,4
4,0,2.9,2.9,76,0.09,0.12,3
4,0,0.9,0.9,119,0.0,0.12,0
0,0,0.4,0.4,11,0.0,0.0,0
1,0,0.7,0.7,18,0.0,0.03,0
18,0,10.3,10.3,112,0.49,0.63,14
0,0,0.0,0.0,0,0.0,0.0,0
21,0,8.6,8.6,161,0.52,0.73,15
3,0,1.0,1.0,41,0.09,0.13,2
9,0,1.5,1.5,89,0.11,0.48,2
0,0,0.4,0.4,1,0.0,0.0,0
1,0,0.8,0.8,2,0.06,0.06,1
4,0,1.4,1.4,21,0.07,0.26,1
3,0,3.3,3.3,35,0.17,0.25,2
6,0,3.2,3.2,79,0.18,0.54,2
0,0,0.5,0.5,5,0.0,0.0,0
5,0,2.9,2.9,62,0.33,0.55,3
0,0,0.0,0.0,0,0.0,0.0,0
2,0,0.8,0.8,42,0.27,0.27,2
0,0,0.3,0.3,0,0.0,0.0,0
1,0,0.6,0.6,4,0.0,0.18,0
0,0,0.0,0.0,0,0.0,0.0,0
0,0,0.1,0.1,28,0.0,0.0,0
0,0,0.1,0.1,11,0.0,0.0,0
0,0,0.0,0.0,2,0.0,0.0,0
0,0,0.0,0.0,3,0.0,0.0,0
0,0,0.0,0.0,0,0.0,0.0,0
0,0,0.0,0.0,0,0.0,0.0,0
0,0,0.0,0.0,0,0.0,0.0,0
0,0,0.0,0.0,0,0.0,0.0,0
47,9,25.2,18.2,488,0.53,1.01,29
4,0,2.2,2.2,6,0.08,0.11,3
4,0,1.1,1.1,55,0.0,0.11,0
10,0,2.8,2.8,80,0.17,0.35,5
3,0,1.7,1.7,3,0.04,0.11,1
12,0,7.3,7.3,127,0.22,0.43,6
1,0,1.2,1.2,108,0.0,0.04,0
0,0,0.0,0.0,0,0.0,0.0,0
18,0,12.0,12.0,293,0.49,0.68,13
9,0,1.9,1.9,94,0.11,0.34,3
14,0,7.1,7.1,278,0.47,0.65,10
6,0,4.3,4.3,79,0.16,0.32,3
9,0,7.9,7.9,88,0.45,0.68,6
0,0,0.0,0.0,0,0.0,0.0,0
1,0,0.4,0.4,43,0.0,0.11,0
7,0,5.8,5.8,78,0.4,0.56,5
2,0,0.7,0.7,39,0.0,0.24,0
0,0,0.3,0.3,2,0.0,0.0,0
0,0,0.1,0.1,4,0.0,0.0,0
3,0,1.8,1.8,30,0.24,0.73,1
0,0,0.0,0.0,8,0.0,0.0,0
0,0,0.3,0.3,7,0.0,0.0,0
0,0,0.0,0.0,0,0.0,0.0,0
0,0,0.0,0.0,0,0.0,0.0,0
